必考词Unit1,
remote,"adj.（时间,距离）遥远的，偏僻的；（关系）疏远的；极不相同的，相差很大的"
remove,v.搬迁；移开；去掉，消除；脱去（衣服等）；开除，撤职
removal,n.移动，迁居；除去，切除；免职，开除
remain,v.剩下余留；留待，尚需；仍然是，依旧是，保持不变
remainder,n.剩余物，剩余时间，残余部分；其他人员；余数，余项，差数
remains,n.残余（物）；遗迹；遗体，废墟
remedy,n.治疗，治疗法，药品；补救（方法），纠正（办法） vt.医治，治疗；补救，纠正；革除，消除
remember,v.记得，回想起，不忘记；代......问候；向......送礼
remind,vt.提醒，使想起
render,v.使得，使成为；给予，回报；提出，呈报
contemporary,adj.同时代的，同时发生的；现代的，当代的 n.同代人，（几乎）同年龄的人
contempt,n.轻视，蔑视；（对规则、危险等的）蔑视，毫不畏惧
content,n.容量，含量；内容，目录；（单数）（书、文章、讲话、计划等的）主题，要旨；（网站上的）信息内容 adj.满意的，满足的，惬意的
contend,v.竞争，争夺；声称，主张
contest,n.竞赛，比赛，（控制权或权力的）竞争，争夺 v.争夺，竞争，争论，就......提出异议
context,n.上下文，语境；（事件发生的）环境，背景
contract,n. ＜律＞合同，契约 v.缩小，缩短，缩紧；立约规定（或雇佣、承担、执行等）； ＜医＞感染（疾病）
contradict,V.反驳；同......相矛盾 
contrary,adj.相反的；好与人作对的；对方的n.［常做the?］相反事物，反对，对立面
contrast,v.使成对比，使成对照；形成对比，显出明显的差异 n.对照，对比；差异，差别；明显不同的人（或事物）
diverse,adj.多种多样的，不同的
diversion,n.转向，转移；转移注意力的事物；娱乐，消遣
divert,V.转移（某人的）注意力；（使）转向；改变（资金，材料等）的用途，挪用资金，盗用；使（某人）得到消遣或娱乐
dividend,n.股息，红利，报酬；被除数
divide,v.分，划分；分裂；分配，分享，分担；分开，隔开；除 n.（尤指不同群体在信仰或生活方式的） 差异，分歧，不同；（时间、过程的）分界线，分界点
division,n.分开，分配；部门（科，系，处等）；差异，分歧；除法
document,n.公文，文件，文献，（计算机）文档 v.记录，记载（详情）
documentary,adj.文献的，文件的；记录的，纪实的 n.（文献）纪录片
execute,"vt.实行，实施，履行；（尤指依法）处决，处死；<律>执行（法令）,使（法律文件）生效"
executive,adj.实行的，执行的，行政的； n.（总）经理，董事，高管，行政负责人；[the?]（政府的）行政部门
exemplify,vt.例示，举例证明
exert,vt.用（力），尽（力）；运用，行使，发挥； 施加（压力等）
exhaust,v.使筋疲力尽，使疲惫不堪；用完，耗尽；汲空，抽完 n.排气装置；废气
exist,vi.存在，实际上有； （尤指在困境或贫穷中）生活，生存
existence,n.存在，生存，（尤指艰难或无聊的）生活（方式）
exotic,adj.由外国引进的；吸引人的，漂亮的；珍奇的，奇异的 n.外来物，外来品种，外来语
moral,adj.道德（上）的，道义的；品行端正的，有道德的 n.寓意，教育意义；品行，道德规范
morality,n.道德（规范），伦理；美德
moreover,adv.再者，此外，而且
mostly,adv.几乎全部地，主要地，大部分，基本上
prior,adj.先前的，较早的；优先的；更重要的
priority,"n.（时间,顺序等的）先，前； 优先，优先权；优先事项，最重要的事"
privacy,n.隐居；私事，隐私
private,adj.私人的，个人的；秘密的；私立的，私营的
privilege,n.特权，优惠；特殊的待遇，特殊的荣幸
prudent,adj.谨慎的，小心的；有先见之明的； 会打算的
submit,v.屈服，服从，投降；听从，听任；提交，呈递（建议、报告或请求）
subordinate,adj.下级的；附属的；次要的
subscribe,v.捐助，赞助；订阅，订购；同意，签名
subsequent,adj.随后的，后来的
substance,n.物质，材料；要旨，基本内容；实质，本质；财力，资产
substantial,adj.实质的，真实的；坚固的，结实的；大量的，富裕的；重要的
substitute,n.代替者，代替物 v.代替，替换
subtle,adj.微妙的，巧妙的；细微的，细致的； 细心的，敏锐的；精妙的，灵巧的
anguish,n.（精神的或肉体的）极度痛苦，苦恼 v.使痛苦；感到苦恼或（极度）悲痛
annoy,vt.使烦恼，使生气；打搅，骚扰
annual,adj.每年的，年度的，一年一次的；全年的 n.年报，年刊，年鉴；一年生植物，一季生植物
anchor,n.锚；精神支柱，靠山，给人以安全感的人（或物） v.抛锚，停留；固定，扎根
必考词Unit2,
stand,v.站，站立；坐落，位于；坚持，维持现状；经受 n.台，座
standard,n.（品质的）标准，水平，规格，规范；行为标准，道德水准 adj.普通的，正常的，标准的；规范的
standpoint,n.立场，观点
stance,n.（公开表明的）观点，态度，立场； （尤指体育运动中的）站立姿势
start,v.开始，动手；动身，出发；开动，启动 n.开端，开始，起点；惊起，吃惊
startle,v.惊讶，惊吓，使吃惊
starve,v.（使）挨饿，（使）饿死；（for）急需，渴望
state,n.状态，情况；国，州 vt.陈述，说明
statement,n.声明，陈述
statesman,n.政治家，国务活动家
statistics,n.统计数字，统计数据，统计资料；统计学
statue,n.塑像，雕塑
status,n.地位，身份，职位；情形，状况
statute,n.法令，法规，规则，章程，条例
stay,v.停留，待；保持；逗留 n.停留，逗留；作客
steady,adj.稳的，牢固的，不摇晃的；坚定的，扎实的 v.使稳固，使稳定
steer,v.掌舵，驾驶；帯领，指导；沿着（道路等）前进
stem,n.茎，干；词干 v.制止，阻止，遏制；（from）起源于（某事物）
step,n.步，脚步；台阶，梯阶；步骤，措施 v.踏，走，举步
stern,adj.严厉的，严肃的，严格的 n.船尾，飞机尾部
anonymous,adj.匿名的，无名的；无特色的
answer,"n.答案，答复，回答；v.回答，响应；适合（需要、目的、 愿望等）;（to,for）负有责任，须做交代;（to）符合"
anticipate,v.预期，预料，期望；早于别人做成；先发制人；预先考虑并满足（请求、要求、希望等）；使提前发生
anxiety,n.焦虑，担心，不安；焦虑的原因，担忧的事，心事；渴望，热望
anxious,"adj. (about,at)焦虑的，发愁的;(for,to)渴望的，急切的"
apart,adv.分离，分开；（在空间、时间方面）相隔，相距；单独地，个别地；成零碎；（撇开或排除）在一旁 adj.分离的；意见不一致的
assassinate,vt.暗杀，行刺；中伤，破坏（名誉）等
assault,n.攻击，袭击 v.攻击，袭击；强暴
assemble,v.集合，召集；装配，组装
assembly,n.集合，集会；装配，安装
assert,v.主张，维护；肯定地说（出），坚定地断言
component,adj.（整体中的）一部分的，组成的 n.组成部分，成份，部件
compose,v.组成，构成；创作（音乐、文学作品），为...谱曲；使（自己、思想等）准备好，使平静
composition,n.作品，作文；作词，作曲；结构，组成
comprehend,vt.理解，了解
comprehension,n.理解（力），了解；（听力或阅读）理解测试
comprehensive,adj.广泛的，综合的；全部的；有理解力的
condemn,vt.谴责；宣告（某人）有罪，判刑
condense,v.（使）压缩，（使）凝结，使简洁
condition,n.状况，状态；环境，情况
conduct,n.行为，举止，品行 v.引导，带领；处理，管理；指挥（乐队）；传导，传（电、热等）
conductor,n.领队，（乐队）指挥；（电车等的）售票员，列车员；导体，导线
disable,vt.使残废
disappear,vi.不见，消失
disappoint,v.使失望，使扫兴
discipline,n.纪律，训练，自制力；训练方法；行为准则；（尤指大学里的）学科，专业，科目
disclose,vt.揭露，透露，使公幵
discover,Vt.发现
discovery,n.发现；被发现的事物
hoist,vt.举起，升起，吊起
hold,v.拿着，抓住；使保持某种状态（或姿势等）；（to）使遵守，使受...的约束； 抑制，控制；容纳，装得下；举行，进行；拥有，获得，掌握，担任；怀有，认为，想 n.掌握，控制（力）；支撑点，支撑物；暂停，中断
holder,n.持有者，占有者；（台、架等）支持物
household,n.户，家庭，全家人 adj.家庭的
however,adv.无论如何，不管怎样；然而，不过 conj.不管用什么方法
huddle,v.蜷缩；聚集在一起 n.挤作一团的人，杂乱地堆在一起
narrative,adj.叙述性的 n.叙述
narrow,adj.狭窄的，狭的；狭隘的
nasty,adj.龌龊的，肮脏的；下流的，低级的；使人难受的，讨厌的，烦人的；厉害的，严重的
nation,adj.民族，国家
national,adj.民族的，国家的，国立的
nationality,n.国籍，民族
native,adj.本地的，本国的；天生的 n.本地人，本国人
natural,adj.自然的，天然的；天生的，天赐的，固有的
nature,n.自然界，大自然；性质，本性，天性
overall,adj.全面的，综合的，总体的；adv.总体上，总的来说；n.（套头）工作服，工装裤
overcome,"vt.克服,战胜"
overlap,V.重疊，部分重叠 n.重叠，重叠部分
portion,n.（一）部分，（食物的）（一）份 v.把...分成若干份（或部分），分配
possibility,n.可能，可能性；可能的事，希望；机会，契机
possible,adj.可能的，做得到的，潜在的，可能发生的；可以接受的，合适的，合理的 n.合适的人（或物），可能出现的事物
potential,n.潜在性，可能性；潜力，潜能 adj.潜在的，可能的
pour,v.下倾盆大雨；倒，注，灌；倾泻，涌流
必考词Unit3,
stick,n.棍，棒，拐棍 v.刺，戳；插入；粘住，粘贴；（尤指迅速或随手）放置
stimulate,vt.刺激，促使；使兴奋
stir,v.搅动，搅拌；使微动，移动；使行动使奋起；引起，激起 n.激动，轰动；纷乱，骚动；搅动
stipulate,v.规定，明确要求
infer,vt. （from）（根据已知事实等）推断，推定
inference,n.推论，推理；结论，推断结果
inferior,adj. （to）下等的，下级的；差的，次的 n.下级，晚辈
influence,"n. （on,over,with）影响，感化；权力，权势 vt.影响，感化"
influential,adj.有影响的；权势的
inform,"v. （of,about）通知，告诉，报告；告发，告密"
information,n.情报，资料，消息；信息
approach,"v.靠近，接近；（为取得某种预期效果）找…商量，同...联系；（着手）处理,(开始）对付 n.靠近，接近；（处理问题的）方法，态度"
appropriate,adj.恰当的，相称的
approval,"n. （of）赞成,批准，同意，认可"
approve,"v.批准，核准，通过；（of）赞成,同意"
apt,adj.（习惯）易于…的，有...倾向的；恰当的；聪明的
conform,v.相似，一致，符合；遵照，遵从，适应
confront,vt.（使）面临，（使）遭遇；勇敢地面对，正视
confuse,vt.使混乱，混淆
confusion,n.混乱，混淆
congress,n.（代表）大会；（美国等国的）国会，议会
connect,v.连接，连结；联系，结合；使有关系
connection connexion,n.联系；连接
conscious,adj.神志清醒的，有...意识的；意识到的，自觉的
continual,adj.不断的，连续的；（令人厌烦地）反复的，频繁的
continue,v.连续，继续（做）；持续，不断发生；（中断后）继续，再开始；继续说；（朝向一方向）延伸，移动
continuous,adj.连续的，持续的
dismiss,vt.（from）解雇，免职
disorder,n.混乱，杂乱；骚乱；失调，疾病
disperse,v.分散，驱散，散去
displace,vt.转移；替代，撤换
display,vt.陈列，展览 n.(on)陈列，展览
distribute,vt. 分配，分发；分布，散布
distort,vt.扭歪，扭曲；（使）失真；歪曲，曲解
distract,vt.使转向；使分心，分散（思想）
evolution,n.进化，发展，演化
evolve,v.使发展，使进化，演变
exaggerate,v.夸张，夸大，对…言过其实
examine,v.检查，细查；对…进行考试
mock,v.嘲笑，嘲弄；（尤指为了取笑）模仿；使失望;挫败；向…挑战 n.嘲笑，嘲弄，讥笑；模拟考试 adj.仿制的，假装的；模拟的，演习的
mode,n.方式，式样
model,n.模型，原型；样式，模式；模范，典型，榜样 vt.（仿特定样式或模仿）做出，仿效，模仿 adj.模范的，榜样的
moderate,adj.温和的，有节制的；适度的，中等的
modern,adj.现代的，近代的，新式的
modernization modernisation,n.现代化
modest,adj.谦虚的，谦逊的；适度的，不太大的
modify,vt.修改；缓和，减轻；修饰
predecessor,n.前辈，前任；（被取代的）原有事物
predict,vt.预言，预测，预告
preface,n.序言，引言，前言
preferable,adj.（to）更可取的，更好的
preference,n.（for）偏爱，喜爱；优待，优惠，优先（权）
prejudice,n.偏见，成见，歧视；损害，侵害
preliminary,adj.预备的，初步的
premier,n.首相，总理
premise,n.前提；假定；营业场所 v.预述（条件等）；引导（论述等） 做出前提；提出…作为前提（条件）；假定
premium,n.额外费用；奖金，奖赏；保险费；学费，习艺费
preparation,n.准备，预备；制剂，制备品
reflect,v.反映，表现；反省，细想；（on/upon）考虑
reflection reflexion,n.影像，倒影；考虑，沉思，想法，见解
reform,v.改革，改良，改进；改造，改过自新 n.改革，变革，改良，改善
reject,"vt.拒绝,抵制，驳回；排斥，退掉"
rejoice,v.（使）感到高兴，（使）充满喜悦
relate,v.讲述，叙述；使相互关联，联系
relation,n.关系，联系；亲属，亲戚
relationship,n.关系，联系
relative,n.亲戚，亲属 adj.比较的，相对的；有关的，相关的
relativity,n.相关（性），相对论
relevant,adj.有关的，切题的；相关联的，相称 的；有重大关系的；有意义的
overlook,vt.俯瞰，眺望；看漏，忽略；宽容，放任
overseas,adj.外国的，海外的；在海外，在国外
必考词Unit4,
confine,vt.使不外出，幽禁，禁闭；限制，使局限
confirm,vt.加强，巩固；证实，肯定；批准，确认
conflict,n.(尤指长期的)战争，战斗;冲突，抵触 vi.冲突，抵触
confidence,n.信任，信心，自信，把握；私下里说的话，秘密话
confident,"adj. (of,in)确信的，自信的"
confidential,adj.秘密的，机密的；亲信的
configuration,n.布局，结构，构造，格局，形状；(计算机的)配置
trail,n.踪迹，痕迹；(乡间)小道 vt.追踪，跟踪
train,"n.列车，火车；行列，一串 v.训练,培养"
training,n.训练，培养
trait,n.特征，特点，特性
traitor,n.叛徒，卖国贼
view,n.景象，风景；意见，见解；观察；观看；眼界 vt.看待，观察；考虑
viewpoint,n.观点
violence,n.暴力，暴行；狂热，强烈的感情；激烈，猛烈
violent,adj.猛烈的，激烈的；强暴的，暴力引起的
virtual,adj.实际上的，事实上的
virtue,n.美德，德行；优点，长处
apparent,adj.显然的，明明白白的；表面上的，貌似（真实）的
appeal,v.有感染力的，有吸引力的；诉诸，求助；上诉，申诉；呼吁，恳求 n.呼吁，恳求；诉请，上诉；感染力，吸引力
appear,vi.出现，暴漏；出场；问世；来到；好像是，仿佛
appearance,n.出现，出场，露面；外表，外观，外貌
appliance,n.用具，器具
applicable,adj. (to)能应用的，适用的
application,n. (for)请求，申请；申请书（表）；(to)适用，应用
appoint,vt.任命，委派；约定，指定
appointment,n.约会；预约，约定；任命，委托；职务，职位
apply,v.涂，敷；应用，使用；（在称呼人或物时）用上（字眼）；使（自己）致力于，使（注意力等）专注于；申请，请求
appreciate,v.欣赏，赏识，重视；感激；（充分）意识到，理解，领会；涨价，增值
discriminate,v.区别，辨别；有区别地对待，歧视
discuss,vt.讨论，商议
disease,n.疾病
disgrace,v.使丢脸；使失宠，使失去地位 n.丢脸，耻辱；失宠，失势
escape,"n.逃跑，逃脱 v.（from）逃跑,逃脱；躲避，避免"
especially,adv.特别，尤其
essay,n.文章，短文 v.企图，试图
essence,n.本质，实质；要素
essential,adj.（to）必要的，必不可少的；本质的，基本的
establish,"vt.建立，设立；查实，确定，证实；（as,in）安置，使定居；派任"
estimate,vt.估计，估价 n.估计，估价
ethic,n.道德体系，道德准则，伦理准则；行为准则；伦理学，道德学
ethnic,adj.民族的，种族的；某文化群体的 （典型的）n.少数民族/种族集团的成员
evaluate,vt.估价，评价
industrial,adj.工业的，产业的
industrialize industrialise,v.（使）工业化
industry,n.工业，产业；勤劳，勤奋
inevitable,adj.不可避免的，必然发生的
miserable,adj.痛苦的，悲惨的
misery,n.痛苦，悲惨，不幸
mislead,vt.把…引错方向，把...引入歧途，误导；使产生错误想法，使误信，欺骗
mix,v.混合，合群；（使）混合，混淆
mixture,n.混合，混合物，混合剂
necessary,adj.必需的，必要的；必然的，无法避免的
necessitate,vt.使成为必要的，需要；［常用被动］迫使
necessity,n.必要（性），（迫切）需要；必然性；必需品；迫不得已；贫困
negative,adj.否定的，消极的；阴性的 n.负数；（摄影）底片
negotiate,v.谈判，交涉，商议
outer,adj.外部的，外面的，外层的
outlet,n.出路，出口；发泄途径
outline,n.轮廓，外形；提纲，大纲，梗概
outlook,n.景色，风光；观点，见解；前景，展望
output,n.产量，输出量
poverty,n.贫穷，贫困
power,n.力，能力；功率，动力，电力；权力，势力，政权
practical,adj.实际的，应用的
practice,n.练习，实习；实践，实际；业务，开业
practise,v.实践，实行，实习，训练；养成...的习惯；从事（医务，法律等工作），执业
practitioner,n.习艺者，实习者;从业者（尤指行医者）
preach,v.讲道，布道；极力劝说，说教；竭力鼓吹，宣传
precede,vt.在（…之）前，先于
precaution,n.预防，警惕；预防措施
precedent,n.先例 adj.在前的，在先的，优先的
preceding,adj.在前的，前面的，在先的
precious,adj.珍贵的，贵重的
precise,adj.精确的，准确的
precision,n.精确，精密度
precaution,n.预防，警惕；预防措施
stress,n.压力，紧张；着重，强调 vt.看重，强调
stretch,v.伸展，伸直（身体），伸长（胳膊/腿）；延伸，绵延；（时间）延续，延长；使倾注全力，使竭尽所能 n.舒展，伸长；一片，一段（距离）；（连续的）一段时间
必考词Unit5,
holy,adj.神圣的，圣洁的
honor honour,n.尊敬，敬意；荣誉，光荣；荣幸，使感到光荣得人或事；vt.尊敬，给以荣誉
honorable honourable,adj.尊敬的，高尚的；荣誉的，光荣的
horizon,n.地平（线）；（知识、思想、经验、阅历、兴趣等的）范围，眼界，见识
horizontal,adj.水平的，地平线的；n.水平线（面）
ingenious,adj.（人、头脑）灵巧的，机灵的；（主意等）别出心裁的，巧妙的
ingredient,n.组成部分，成分
initial,adj.最初的，开头的；词首的；n.词首大写字母
initiate,vt.开始，发起；使初步了解；让...加入
initiative,n.主动性（权）；进取心
local,adj.地方的，当地的；局部的
locality,n.位置，地点
locate,vt.指出（地点或位置）；使...坐落于，位于
location,n.位置，场所
neglect,vt.忽视，忽略；疏忽，玩忽；n.忽视，忽略；疏忽，玩忽
negligible,adj.疏忽的，微不足道的
prescribe,v.规定，指定；开（药），开处方
prescription,n.药方，处方；开处方，开药；计划；建议；秘诀
presence,n.出席，到场；存在
present,vt.赠送，给予；提出，递交；呈现，表现；引见，介绍 adj.出席的，到场的；现在的，目前的 n.礼品，赠品；现在，目前
presently,adv.一会儿，不久；现在，目前
preserve,vt.保护，保存
preside,"vi.（at,over）主持，主管，担当（会议）主席；（over）掌管，领导"
press,n.报刊；新闻界；出版社，印刷厂；报道，评论，舆论；按，压；压力机；v.按，挤，压；挤压；榨取；催促，迫使
pressure,n.压(力)；强制，压迫
prestige,n.威望，威信；影响力
presumably,adv.推测起来，大概
presume,v.推测；假定，假设；认为，推定；冒昧，胆敢做某事
prevent,vt.防止，预防
previous,"adj.先前的，以前的； prep, (to)在...之前"
prey,n.被捕食的动物，捕获物；［喻］受损害者;牺牲品；v. (on/upon)捕食；掠夺；折磨，损害
reliable,adj.可靠的
reliance,n. (on)依靠，依赖
religion,n.宗教，信仰；信念，信条
religious,adj.宗教的，信教的；虔诚的
rely,v. (on/upon)依赖，依靠；信赖，信任
straight,adj.直的，笔直的；整齐的，端正的；正直的 adv.直接地；正直地，直率地
straightforward,adj.正直的，坦率的；简单的
strain,v.使紧张，尽力使用；拉紧，绷紧；使损伤，使过劳 n.拉力，张力；努力，尽力；过度，极度紧张；损伤，劳损
strategy,n.战略，策略
strength,n.力量，力气；实力，活力，效力
strengthen,vt.加强，巩固
strenuous,dj.努力的；精力充沛的；紧张的；热心的；艰辛的，热烈的
transaction,n.办理，处理，交易，事务；会报，学报
transfer,v.转移，调动；转让，让与 n.迁移，转移；调动
transform,v.改变，改造，变换，使改观
transient,adj.短暂的，转瞬即逝的；临时的
translation,n.翻译，译文，译本
architect,n.建筑师，设计师；缔造师，创造者
architecture,n.建筑学，建筑术；建筑风格，建筑式样
archive,n.档案，档案馆，档案室； v.把…存档，把…归档
area,n.地区，区域；范围，领域
arena,n.圆形运动场，圆形剧场；斗争场所，竞争舞台，活动场所
argue,V.争论，辩论，主张，说服
argument,n.争论，辩论；论据，论点
arise,v.形成，产生，出现；上升，升起；起立，起身
arouse,vt.使…奋发；引起，唤起，激起；唤醒
array,n.显眼的一系列，大量；排列，队形 vt.部署（尤指兵力等）；穿着，打扮
visible,adj.看得见的，可见的；明显的，有形的
vision,n.视力，视觉；想象，幻想；目光，眼力
visual,adj.看的，视觉的
vital,adj.（有）生命力的；致命的，极其重要的
vivid,adj.鲜艳的；生动的，栩栩如生的
void,adj.空的；（of）无效的；没有的，缺乏的
volume,n.容积，体积；卷，册；音量，响度
consequence,n.结果，后果；影响；重要性
consequently,adv.因而，所以
conservation,n.保存，保护，避免损失
conservative,adj.保守的，守旧的 n.保守主义者
consider,v.考虑，细想；认为，把…看做；体贴，关心
considerable,adj.相当大（多）的，可观的
considerate,adj.考虑周到的，体谅的
consume,v.消耗，花费；耗尽
consumption,n.消费（量）；消耗；（医）肺结核，肺病
dispute,v.争论，争执
dissolve,v.溶解，融化；使溶解，使融化；解散，取消
exchange,vt.交换，调换，兑换；交流，交易 n.交换，互换，兑换；交流，交易；交换台，交易所
exclude,"vt.拒绝,把…排除在外，排斥"
exclusive,adj.专有的，独占的；除外的，排他的；（商品、商店等）高档的，豪华的，高级的 n.独家新闻，独家报道
必考词Unit6,
pose,v.摆姿势，炫耀；提出（问题、声明等）；陈述（论点等）；产生，引起，造成（问题、困难等）；冒充，假扮；n.姿势，样子；姿态，装腔作势
position,n.位置；地位，身份，等级；职位，职务；姿势，姿态；见解，立场，态度；处境，状况，形势 v.安置；安装；使处于，定位
positive,adj.积极乐观的，自信的；确实的，明确的，肯定的；积极的，建设性的；十足的，完全的；正的，阳性的；n.优势，优点
possess,vt.拥有（某物）；具有（某种品质或才能）；支配，控制
possession,n.持有，拥有；所有权；财产，所有物
dilute,v.稀释，冲淡；削弱，使减色，降低 adj.稀释的，冲淡了的，掺水的
dim,adj.暗淡的；模糊的；愚笨的；不乐观的 v.（使）变暗淡，变昏暗，变微弱；（使）（感觉等）变弱，变淡漠，失去光泽
diminish,v.（使）削弱，减少，缩小；贬低，轻视
amateur,n.（艺术、科学等的）业余爱好者；技术不熟练的，无经验的人，外行 adj.业余（爱好）的，外行的
amaze,vt.使惊愕，使惊异
ambiguous,adj.含糊不清的，模棱两可的，不明确的
ambition,n.（对名利等的）强烈欲望，野心；雄心，抱负；追求的目标
ambitious,adj.有雄心的，野心勃勃的；费力的；耗时的；耗资的；艰巨的
bubble,n.泡，水泡，气泡；［比喻］幻想的计划，无法实现的意念、希望等
budget,n.预算，财政收支状况 v.做预算，编预算；（for）把…编入预算，按计划花钱
build,n.体形，体格，身材；结构 v.建造，建设，建立
business,n.商业，生意，营业额；任务，职责，公事；企业，公司，店铺，商号
compress,v.压缩，精简，浓缩
comprise,v.包含，包括；构成，组成
compromise,v. n.妥协，折中
conceive,v.构想出，设想，想象；怀有（某种感情）；认为；怀（胎）
concentrate,v.（on）集中，专心；（使）浓缩 n.浓缩物
concept,n.（of）观念，概念
conception,n.概念，观念，主意，计划，意图；设想，构想；怀孕，受孕
concern,n.关心，挂念；（利害）关系 vt.涉及，关系到；关心，挂念
concise,adj.简明的，简洁的
concrete,adj.具体的，确实的 n.混凝土 v.用混凝土修筑，浇混凝土
conclude,v.结束，终止；断定，下结论；缔结；议定
conclusion,n.结束，终结；结论，推论；缔结，签订
concurrent,adj.并存的，同时发生的
confer,v.商谈，商议；授予，赋予
conference,n.会议，讨论会
confess,v.坦白，承认，忏悔
epidemic,adj.流行性的，传染的 n.流行病；泛滥，传播
episode,n.片断，一段情节，(连续剧的)一集
epoch,n.时代，纪元，时期
indifferent,adj. (to)冷淡的，不关心的，不积极的；一般的，平庸的；不偏的，中立的
indignant,adj.愤怒的，愤概的
indignation,n.愤怒，愤概
indispensable,"adj.(to,for)必不可少的，必需的"
individual,adj.个人的，单独的；独特的，有个性的 n.个人，个体；与众不同的人
mess,n.混乱，困境；混杂；脏乱 vt.弄脏，弄乱，搞糟
message,n.通讯，消息，信息；启示，要旨，主题思想，寓意 v.(用电脑、手机等)给…发信息
messenger,n.送信者，使者，传令兵
method,n.方法，办法，措施，方式；条理，规律
militant,adj.好战的，积极从事或支持使用武力的，激进的
military,adj.军事的，军用的，军队的 n.军队，军方，军人
mind,n.头脑，智力，精神，智慧；悟性，智力，注意力，心思 v.照看，留心；介意，在乎
redeem,v.补救，弥补(过失），掩饰…之不足；挽回影响，改变印象；（尤指基督教的）拯救，救赎；偿清，付清；兑换，兑现; 赎回；履行，遵守（诺言）
reduce,v.减少，缩小；简化，还原
reduction,n.减少，缩小；降低
refer,v.提到，谈到；参考，查阅；询问，查询；提交…仲裁（或处理）
reference,n.提及，涉及；参考，参照；查阅；参考书目；推荐信（人）
subject,n.题目，主题；话题，问题；学科，科目，课程；（批评、学习、调查的）对象，研究（实验）对象；主语 adj. （to）受...支配的；（to）易遭受...的，易患...的； （to）需要...的，将会...的 v.使臣服，使遭受
subjective,adj.主观的，个人的
spoil,v.损坏，毁掉；破坏…的兴致（或乐趣）；宠坏，溺爱
sponsor,n.发起者，主办者，保证人，赞助者 vt.发起，举办，主办；资助，赞助；倡议，发起
spread,v.伸展，展开；散布，传播；（使）蔓延，扩散，延伸 n.散布，传播；广泛，多样；差额，价差
spur,n.刺激，激励，鞭策；靴刺，马刺； vt.促进，激励，鞭策
spy,n.间谍，密探 v.当间谍，刺探；搜集情报；察觉，发现
stability,n.稳定（性），安定（性）
stable,adj.稳定的，安定的；沉稳的，持重的，可靠的
staff,n.全体职员，全体雇员；当权的人员，行政人员；参谋机构；杆，棒 vt.为（某部门）配备人员，担任（某部门）工作员
stage,n.舞台；阶段，时期；步，步骤
必考词Unit7,
console,vt.安慰，抚慰，慰问（某人）； n.(机器、电子设备等的)控制台，仪表板
consist,"vi. (of)组成，构成；(in)在于,存在于； (with)一致，符合"
consistent,adj.(论点、看法、行为、标准)前后一致的，始终如一的；连续的，持续的；(with)与…一致的，相符的，不矛盾的
constant,adj.坚定的，永恒的，忠实的；经常的，不断的
constituent,adj.构成的，组成的 n.成分，要素；选民，选举人
constitute,v.组成，构成；建立，制定（法律史）
constitution,n.构成，构造；体格，体质；宪法，法规，章程
constrain,vt.强制，迫使，强迫（某人）做某事；限定，限制，约束
construct,v.建造，构造；创立，构思 n.构想，概念，观念；结构体；建造物，构筑物
distinct,adj.有区别的，不同的，不同种类的；明显的，清楚的；（可能性、感觉等）确定无疑的，确切的，确实的
distinction,n.差别，区分；杰出，优秀，卓越；不同凡响，独特；（尤指给学生的）优等评分，荣誉
distinguish,v. (from)区别，辨别；(from)使有特色，使有别于；使杰出，使出众，使著名
fruitful,adj.多产的，果实累累的；富有成效的
frustrate,vt.挫败，阻挠，使灰心；使无效
fulfil fulfill,vt.履行，实现，完成；(使)满意；起…作用
function,n.功能，作用；职务，职责；函数；（正式的）典礼，宴会 vi.运行，起作用
fund,n.资金，基金；储备，蕴藏 v.为...提供资金，资助
fundamental,adj.基础的，基本的；根本的，主要的，十分重大的 n.基本原则，基本原理
associate,v.(使)联系，（使）联合，（使）结合；(with)结交，交往 n.伙伴，合伙人，同事 adj.联合的，联盟的，合伙的
association,n.协会，团体；联合，联系，交往；联想
amend,vt.修改，修订；改进，改善
among(st),prep.在...之中，在...中间
amount,n.数量，总额 vi. (to)达到...之多
ample,adj.充足的，丰富的；宽敞的，面积大的
amuse,vt.逗乐，逗笑，给…提供娱乐（或消遣）
monopoly,"n.（in,of,on）垄断，专卖；独占，专利（品）；垄断者（企业），专利者"
monotonous,adj.单调无聊的，毫无变化的
mood,n.心境，情绪，心情；氛围，气氛；语气
transmission,n.播送，发射，传送，传染，传播
transmit,v.传送，传递；播送，发射；传染，传播
transplant,v.移植（器官等）；移种（植物等）；（使）移居，（使）迁移 n.（器官等的）移植；移植的器官，移植物
transport,vt.运送，运输，搬动 n.运输，运送；运输系统，运载工具
stock,n.原料，备料；库存，存货；资本，股票，公债 v.储备，储存，供应
store,n.商店，店铺；贮藏；贮藏所；贮存物 vt.贮备，贮藏，保存；（在计算机里）储存；记忆；记录
storage,n.储存，储藏，保管；库房
stride,v.阔步前进，大踏步走 n.大步，跨步，阔步；（快速的）进展，发展，进步
strike,v.打击，撞，撞击；突然袭击，进攻；给…以（深刻）印象，突然想到；罢工；偶然发现 n.打，击；罢工；意外威力，走运
striking,adj.显著的，突出的；妩媚动人的，标致的
string,n.细绳，线，带；（一）串，一连串，一系列 v.串起；缚，扎，挂
structure,"n.结构体,（尤指）建筑物；结构，构造；精心组织，周密安排，体系 v.系统安排，精心组织，使形成体系"
stun,v.使震惊，使晕倒，把…打晕；给（某人）以深刻印象 ，使深深感动n.晕眩，打昏，惊倒
primary,adj.（教育）初级的，初等的，小学的；最初的，最早的；首要的，主要的，基本的 n.（美国）初选
prime,adj.最初的，第一的，原始的；首要的，主要的，基本的；最好的，第一流的，上乘的；典型的，有代表性的 n.初期，最初；青春，壮年；全盛时期 v.事先指点；为…提供消息（事实）等；把…准备好
primitive,adj.原始的，上古的，早期的；简单的，粗糙的，落后的；原始本能的
principal,adj.最重要的，主要的 n.负责人，校长；资本，本金；主要演员，主角；当事人；委托人
principle,n.原理，原则，法则；工作原理，定律；行为（道德）准则，规范；信条
psychiatry,n.精神病学，精神病治疗法
psychology,n.心理学，心理，心理特征
liability,n.责任，义务；债务；倾向
liable,adj.(for)负有（法律）责任的，有义务的；(to)会…的；有…倾向的; 易出问题的，易患病的；(to)有…危险的，可能遭受…的
liberal,adj.不严格的，不精确的；(政治或经济上)自由的，支持（社会、政治）变革的；慷慨的，大方的；心胸宽阔的，开朗的.n.宽容的人，开明的人，支持变革的人
liberate,vt.解放，释放，使自由
license licence,n.许可证，执照；随便，肆意行动 vt.准许，认可
innocent,adj. (of)清白的，无罪的；无害的；无辜受害的，成为牺牲品的；天真的，单纯的
innovation,n.革新，改革，创新；新方法，新技术，新思想
evidence,n.形迹，迹象；根据，证据
evident,adj.明显的，明白的
evil,adj.邪恶的，罪恶的，道德败坏的；坏的；讨厌的 n.邪恶，罪恶，罪行；祸害
environment,n.环境，外界，客观环境；自然环境，生态环境
enterprise,n.事业心，进取心；事业，规划；企(事)业单位
entertain,v.招待，款待；使…娱乐，使有兴趣
entertainment,n.招待，款待；娱乐；文娱节目，娱乐性表演
必考词Unit8,
addict,vt.使沉溺，使上瘾； n.有瘾的人
add,vi. (to)加，增加；补充说，又说
addition,n.（增）加，加法；增加的人或物
additional,adj.附加的，另外的，额外的
address,n.演说；地址，住址 vt.向…作（正式）讲话，对…说话；称呼；对付，处理
adequate,adj.足够的，充分的；恰当的
adjust,v.调节，调整；校正；适应
administration,n.管理，经营；政府，行政（机关）
admire,v.钦佩，羡慕；夸奖
admission,n.允许进入，接纳；承认；入场卷，入场费
admit,v.让…进入，接纳；承认
adapt,v.（使）适应；改编
adopt,vt.采用，采纳；正式通过，批准；继承；收养
adult,adj.成年人的，成熟的 n.成（年）人
brace,n.托架，支架 v.支撑，加固；使绷紧；使防备，使做好准备，使经受锻炼；做好防备
brain,n.大脑；脑力，头脑，智能
branch,n.（树）枝，分支；分部，分店；（学科）分科，部门；支流，支脉
brand,n.商标，标记，牌子 vt.打火印，打烙印；使铭记
toss,v.扔，抛，掷；摇摆，颠簸
total,n.总数，总计 v.总计，合计，总共 adj.总的，全部的，完全的
touch,v.触，碰，摸；感动，触动；涉及，论及 n.触动，碰到，触摸；少许，一点儿
tough,adj.坚韧的，牢固的；强壮的，吃苦耐劳的；强硬的，顽固的； 艰苦的，棘手的；粗暴的，粗鲁的
treat,v.对待，处理；治疗；论述，探讨；款待，请客 n.款待，请客
treaty,n.（国家之间的）条约，协定
trend,n.倾向，趋势；时髦，时尚
vice,n.不道德行为，恶习；台钳，老虎钳 adj.副的
vicious,adj.邪恶的，恶毒的，凶残的，堕落的
victim,n.牺牲品，受害者
click,n.咔嗒声 v.发出咔嗒声；很快成为好朋友；为（某人）所喜爱；突然明白或理解
client,n.顾客；（诉讼）委托人；当事人
cling,v.坚持；粘着；依附
close,v.关，闭；结束；终止 n.结束，了结 adv.接近地，紧密地 adj.(to)近的，接近的；势均力敌的，难分高下的；仔细的，详细德；严密的，紧密的
closet,n.壁橱，储藏室；adj.秘密的 v.把某人关在房间里（作私人会晤）
code,n.代码，密码；法典，法规，法则
personal,adj.个人的，私人的；人身的，涉及个人的；亲自的，本人的
personality,n.人格，个性
personnel,n.全体人员，全体职员；人事（部门）
form,n.形状，形式；表格 v.组成，构成；形成
formal,adj.正式的；形式的
format,n.设计，安排，样式 vt.使格式化
formation,n.形成，构成
former,adj.以前的，在前的 pron.前者
formidable,adj.令人敬畏的，可怕的；引起恐惧或不安； 难以应付的，难以克服的
formula,n.公式，程式
formulate,vt.规划（制度等），构想出（计划、方法等）；系统地阐述；用公式表示
fortunate,adj.幸运的，侥幸的
fortune,n.命运，运气；财产
guide,"n.导游，向导，指导者；指南；入门；手册；路标 v.指引,指导"
guidance,n.引导，指导
guideline,n.指导方针；指导原则；准则；参考
guild,n.（行业）协会；（中世纪的）行会，同业公会
guilt,n.罪责，内疚
guilty,adj. （of）有罪的；内疚的
recognition,n.认出，辨认；承认
recognize recognise,v.认出，识别；承认，认可；明白，认识到
recommend,vt.推荐；称赞；劝告，建议
recover,v.追回，重新得到；恢复，康复
recovery,n.恢复，痊愈；重获
recruit,v.招募（新兵），招收（新成员） n.新兵，新成员
sell,v.出让，转让；出售，售卖 n.让人失望的东西
send,v.发送，传达，转致；派遣，打发，安排去；使快速移动；使做出（某种反 应）；使表现出（某种行为）
senior,adj.年长的；资格老的，地位较高的；（比赛）成人的；高水平的 n.（大学）四年级学生，毕业班学生；较年长的人；比...大....岁的人；上级，上司
smart,adj.聪明的，伶俐的；有力的，猛烈的；帅气的，整齐的，漂亮的，时髦的 v.（使）剧痛，（使）刺痛
smell,n.气味，臭味；嗅觉 v.嗅，闻到；有某种气味
soak,v.湿透，浸湿，浸泡；渗透，湿透
soar,vi.高飞，翱翔；耸立；飞涨；猛增，剧增 n.高飞范围；高涨程度；高飞，飞升
sociable,adj.好交际的，友善的，合群的 n.联谊会，联欢会
social,adj.社会的；交际的
socialism,n.社会主义
society,n.社会；社团，协会，学会
sociology,n.社会学
soluble,adj.可溶的
solution,n.解答，解决办法；溶液，溶解
solve,vt.解答，解决
detach,vt.拆卸，（from）使分开，使分离
detail,n.细节，详情 vt.详述
detain,vt.拘留，扣押；留住，耽搁
必考词Unit9,
shadow,n.影子，阴影；暗处，阴暗；虚幻的事物，失去实质的事物；形影不离的人（物）
shade,n.荫，荫凉处；遮光物，灯罩 v.为...遮阳，荫蔽；隐瞒，掩饰
sort,n.种类，类别 v.分类，整理
soul,n.（人类整体的）精神（状况），精力； （某种类型的）人；灵魂，心灵，心
sound,adj.健康的，健全的，完好的；可靠的，牢固的；正确的，明智的；彻底的，充分的
sour,adj.酸的，酸味的；易怒的，尖酸刻薄的
source,n.河流的源头，发源地；来源，出发
advance,v.使向前移动；促进；提出（建议等），提高（重要性、价格等）；使（未来事件）提前发生; （作为赊账）预先发放；n.前进，进展；（数量、价格、价值等的）增长，增加；预先提供，预付
advanced,adj.高级的，先进的
advantage,n.有利条件，优点；（尤指采取某一步骤而带来的）好处，利益
advice,n.劝告，忠告，意见
advise,v.劝（忠）告；建议；通知
advisable,adj.可取的，适当的
advocate,vt.拥护，提倡，主张 n.拥护者，提倡者，鼓吹者
aesthetic esthetic,adj.美学的，艺术的，审美的
affair,n.事情，事件；事务，业务，事态
affect,v.影响；（悲伤的）感觉，感动
affection,n.爱，喜爱；感情；疾病，病情
affiliate,v.使隶属（或附属）于，使成为会员 n.成员，附属机构，分公司
affirm,vt.断言，肯定；（在法庭上）证实，宣誓说实话
afford,v.负担得起，买得起，花得起（时间）；供给，给予
breach,v.（在防御工事等上）打幵缺口 ；违反，违背 n.违反（法规、协议、职责等）；破坏，中断；裂口，缺口
break,n.打断，中止；休息时间 v.打破，折断，弄坏；使中止，打断；破坏，违反
breakdown,n.倒塌，损坏，故障；垮掉，衰竭
breed,v.养育，培育；（使）繁殖；酿成，产生
brevity,n.简洁，简练；短暂
coincide,vi. （with）相符，相一致；同时发生
collapse,vi.倒坍，崩溃，瓦解；（因精疲力竭等原因）倒下，（健康等）垮掉；突然失去价值，暴跌 n.倒塌，崩溃，瓦解
colleague,n.同事，同僚，同盟
collect,v.收集，搜集；领取，接走；收（税等）；聚集，堆积
collection,n.收藏（品），收集（物）
collective,n.集体 adj.集体的，共同的
collide,vi.碰撞，互撞；冲突，抵触
column,n.圆柱，柱状物；（报刊中的）专栏
combat,v.战斗，搏斗 n.战斗，搏斗
combine,n. (with)（使）结合，（使）化合
command,n.命令，指令；统帅，指挥（权）；掌握 ，运用能力 v.命令；指挥，统帅
commend,vt.表扬，称赞；托付，委托
comment,n.评论，意见 vi. （on/about）发表意见，评论
commerce,n.商业，贸易（化）
commercial,adj.商业的，贸易的
commission,n.委员会；委托，委托（书），代办；佣金，手续费
commit,vt.把…交托给，提交；犯（错误），干（坏事）
committee,n.委员会，全体委员
commodity,n.商品，物品
common,adj.普遍的，常见的；共同的，公共的 n. （in）公用，公有；公用草地
communicate,v.传达，表达；交流；通讯，通话
communication,n.通讯，传达，交流；通讯系统；交通（工具）
communism,n.共产主义，共产主义学说
community,n.社区，同一个地区的全体居民；共同体
detect,vt.查明，测出，发现，察觉； （当场）发现（某人在干坏事）
deteriorate,v.（使）恶化，（使）退化
determine,v.决定，决心；确定，限定
develop,v.发展，开发；（照片）冲洗，显影；发育，生长
device,n.装置，设备；方法
divise,vt.设计，发明
ensure,vt.确保，保证，担保；保证给予
entail,vt.使（某事物）必要，牵涉，需要，带来，引起；限定（地产）继承人 n. ＜律＞ （地产的）限定继承
indeed,adv.确实，实在；真地
independence,n.独立，自主
independent,adj.独立的，自主的；私营的；无党派的
index,n.索引；指标，标志；指数 v.附以索引，编入索引
mere,adj.仅仅的，只不过；存粹的；极小的；极不重要的
merely,adv.仅，只，不过
plausible,adj.（论点）等貌似有理的，（说法等）似乎有道理的；（指人）能说会道的（尤指行骗），花言巧语
plea,n.恳求，请求；答辩，辩护；辩解，托词，借口
plead,v.恳求，请求；答辩，辩护；以...为理由，以...为借口（尤指因未做某事或做错某事）
plot,n.小块土地；情节；阴谋，秘密计划 v.絵制，标绘；密谋，策划
policy,n.政策，方针
polite,adj.有礼貌的，客气的；有教养的，文雅的
political,adj.政治的
politician,n.政治家，政客
politics,n.政治，政治学；政纲，政见
poll,n.民意检测；投票，投票结果；政治选举，大选 v.对…进行民意测验；获得（选票）
ponder,v.沉思，考虑；衡量，估量；回想，回顾
必考词Unit10,
brisk,adj.兴隆的，繁忙活跃的；轻快的，生气勃勃的
brief,adj.短时间的，短暂的；简短的，简洁的
browse,v.浏览；吃草，放牧 n.浏览；嫩草，嫩叶，嫩枝，嫩芽
aggravate,vt.加重，加剧，恶化
aggregate,n.总数，合计 adj.（只用于名词前）总数的，总计的 v.（常用被动态）总计，合计
aggressive,adj.好斗的，侵略的；积极进取的，活跃有为的
agitate,v.搅动(液体等)；使激动，使狂躁
agreeable,adj.易相处的；同意的；惬意的，令人愉快的
aid,vt.援助，帮助 n.援助，救济；助手；辅助物，辅助设备
aim,n.目标，目的 v. (at)目的在于，旨在，以…为目的；瞄准，针对
alarm,n.惊恐，忧虑；警报，警钟，报警器 vt.使惊恐，使忧虑；向…报警，使警觉
alien,adj.陌生的；外国的，异域的；(to)不相容的，格格不入的； (from)性质不同的，异己的 n.外国人，外侨；外星人，外星生物
alienate,v.排斥，疏远；使不友好；离间；使格格不入；使疏远
allocate,vt.分配，分派，把…拨给
allow,vt.允给，准许，允许；承认
alter,v.改变，更改
alternate,v.交替，轮流 adj.交替的，轮流的
alternative,adj.两者挑一的；可供选择的 n.可供选的事物，替换物，抉择对象
comparable,adj.（常与with或to连用）可比较的，比得上的，类似的
comparative,adj.比较的，相比的；相比之下的，相比而言的，相对的
compare,"v. (with,to)比较，对照；(to)把…比作"
comparison,n.比较，对比，比喻，比拟；比较起来
compel,vt.迫使，强迫
compensate,v.补偿，赔偿
compete,vi.比赛，竞争
competition,n.比赛，竞争
competitive,adj.比赛的，竞争的
competent,adj.有能力的，能胜任的；不错的（但并不出色）
compile,vt.收集；汇编，编制，编纂
complain,"vi. （about,of）抱怨；申诉"
complaint,n.抱怨，诉苦；疾病
complement,vt.补充，补足 n.补足（物）；余数；补语
complete,vt.完成，结束 adj.完全的，完整的；彻底的；完成的，完结的
complex,adj.复杂的，费解的；合成的，综合的 n.综合体，集合体
complicate,vt.使变复杂
complicated,adj.错综复杂的，麻烦的
comply,"vi. （with）遵从,顺从，服从"
compliment,n.问候，致意；称赞，恭维 vt.称赞，恭维
differ,vi. （from）与…不同；（with）与…意见不同
difference,n.差别，不同（之处），变化（之处）；差，差额；意见分歧，不和
diffuse,v.扩散（气体、液体等）；传播，散布 adj.弥漫的，四散的；（文章等）冗长的，漫无边际的
emphasis,n.强调，重点
emphasize emphasise,vt.强调
employ,vt.雇用；用，使用
employee,"n.雇工,雇员"
employer,n.雇主
employment,n.雇用，使用；工作，职业
enable,vt.使能够，使成为可能
encounter,v.冲突，交战；意外的（地）意见，遭遇 n.意外；遇见（尤指敌对的）
encourage,v.鼓励，支持；发展，激励，促进
end,n.端，梢；末端，结束 v.终止，结束
endeavor  endeavour,v. (to)努力，尽力 n.努力，尽力
endorse,v.（公开）赞同，支持，认可；（在支票背面）签名；（在驾驶执照上）记录违章事项；（在广告中）宣传，代言（某一产品）
indicate,vt.指出，指示；迹象，暗示
indication,n.指出，指示；迹象，暗示
indicative,adj. (of)指示的，暗示的
outrage,n.伤害，虐待，暴行，侮辱；愤怒 vt.凌辱；引起…义愤；违反；违法；强奸
outset,n.开始，开端
outside,n.外部，外表；周围，外围 adj.在外面的，向外的；不相关，可能性小的 prep.在…外面；向...外面；离开，不在；不属于…范围之内 adv.在外面，向外面；在户外
outward,adv.向外，在外 adj.向外的；外面的，外表的
special,adj.特殊的，专门的
specialist,n.专家
specialize specialise,v.专攻，专门研究；专注于；以…闻名
specialty speciality,n.特制品，特产；专业，专长
species,n.（物）种，种类
specific,adj.明确的，具体的；特定的，特有的
specification,n.详述，明确；规格，说明书，规范
specify,vt.具体指定，详细说明
speculate,"v. (on,upon,about)推测，推断；投机"
必考词Unit11,
perform,v.演奏，演出，表演；做，执行，完成；工作，表现
performance,n.执行，履行，做；表演，演出；演技；表现；行为；业绩
period,n.周期，一段时间；时期，时代；学时，课时；句点，句号
periodical,adj.周期的，定期的 n.（学术）期刊，杂志
perish,v.死亡，丧生；毁灭，消亡；（食物等）腐败，腐烂；（物质或材料）老化，脆裂
perpetual,adj.永恒的；反复的；没完没了的
perplex,vt.使困惑，使茫然；使复杂化，使难办
perspective,n.观点，看法；判断力，洞察力；透视图；远景，景观
pessimistic,adj.悲观（主义）的
optimistic,adj.乐观的，乐观主义的
optimum,adj.最适宜的，最有利的
option,n.选项，选择；可选择的事物；选择权； 买卖的特权，（未来的）买卖选择权；选修课
optional,adj.可以任选的，非强制的；选修的
organ,n.（官方的）机构，机关；（人体或动植物的）器官；风琴，管风琴
organic,adj.器官的，器质性的；有机物的；生物的；有机的，绿色的；（变化或发展）逐渐的，自然的，演进的
organism,n.生物（体），有机体；（尤指）微生物；有机组织，有机体系
organization organisation,n.团体，机构；组织；组织性，系统性
organize organise,vt.组织，筹备；整理，使有条理；安排，分配；规划，管理
enhance,vt.提高（价格、质量、吸引力），增加，增强
enlarge,v.扩大，放大，增大；扩展，扩充
enlighten,vt.启发，使摆脱偏见（或迷信）；教育，使获得教益
rake,n.（长柄）耙，耙机，耙状物；放荡的人，浪子，流氓 v.耙，梳理；大量搜索，翻检
rare,adj.稀少的，珍贵的；稀薄的，稀疏的
rarely,adv.很少，难得，非常地
rate,n.比率，率；速率，速度；（税收、利息的）费率；价格，费用；等级，品级 v.评估，估价；定级，列为
ratio,n.比，比率；比例
rational,adj.理性的，合理的
reach,v.抵达，到达；伸手，够到，触到 n.能达到的范围；影响范围；波及范围
react,vi.反应，起作用
realistic,adj.现实（主义）的；明智的；能实现的
reality,n.现实，实际（情况）；真实的事物，事实
realize realise,vt.认识到，了解到；理解，领会；实现，将…变为现实
select,vt.选择，挑选，选拔；（在计算机屏幕上、从菜单中）选定，选取 adj.精选的，选择的，优等的；一流的，只为富人（或上层人士）而设的
selection,n.选择，挑选，选拔；精选物；入选者
sense,n.感觉，感官，官能；观念，意识；判断力，鉴赏力；见识，智慧；道理，合理性；意义，含义   v.感觉到，意识到，察觉到
sensation,n.（身体上的）感觉，知觉； 感觉能力，知觉能力；激动；轰动，轰动一时的事情
sensible,adj.明智的，合情理的；可注意到的，明显的
sensitive,adj.敏感的；易受伤害的；艺术感觉好的；灵敏的，灵敏度高的；体贴的，善解人意的
separate,adj.分开的，分离的；单独的；不同的；不相关的 v.把…分开，隔开
sequence,n.先后，次序，连续；一系列，一连串
serial,adj.连续的；连续广播的，连载的；顺序排列的 n.连载小说，连续电视；定期刊物
series,n.连续，一系列
serious,adj.严肃的，庄重的；严重的，危险的；认真的
toast,n.烤面包，吐司；祝酒（词），干杯 v.烘，烤；向…祝酒
together,adv.共同，一起；合起来，集拢地
token,n.表示，标志，象征，证明，信物；纪念品；礼卷，代价卷，筹码，专用辅币 adj.象征性的
tolerance,n.容忍，耐性
tolerant,adj.容忍的，宽容的
tolerate,vt.容忍，默许
accumulate,v.积累，积攒，积聚
accuracy,n.准确性
accurate,adj.准确的，正确无误的
accuse,vt.（of）指控，指责
achieve,v.（凭长期努力）达到（某目标、定位、 标准）；完成，成功
acknowledge,vt.承认，供认；对…表示感谢
cheer,v.喝彩，欢呼；鼓舞，鼓励 n.喝彩（声），欢呼（声）
chemical,adj.化学的，关于化学的；用化学方法的 n.化学制品，化学药品
cherish,vt.珍爱，珍视；爱护，关心；抱有，怀有（希望、想法、感情等）
chip,v.打破；切削（某物） n.（土豆等的）薄片；碎屑；集成电路块
choice,n.选择（机会），挑选；供选择的种类，选择项；入选者，精华 adj.精选的，优质的
choose,v.选择，挑选；喜欢，愿意
board,n.板，木板；理事会，委员会；伙食；膳食费用 v.上船（车，飞机）
boast,"n.自吹自擂，自夸的话；引以为豪的事物（或原因） v. （of,about）自吹自擂，夸耀，吹嘘；以拥有…而自豪；有，包含"
bonus,n.奖金，红利，补贴；额外的好处，意外收获
boom,n.低沉有回响的声音；（经济、工商业等）繁荣期，迅速发展；（城镇等的）兴起 v.暴涨，激增；迅速发展，繁荣；发出隆隆声
boost,v.往上推；增加，提高 n.增加；帮助，鼓励
verbal,adj.用言辞的，用文字的；口头的；动词的
verdict,n.判断，裁定；（on）定论，意见
verify,vt.证明，证实；查对，查清
verse,n.韵文，诗；诗节，诗句
version,n.形（式），版本；变化形式；译文，译本；翻译；说法，看法
vessel,n.船，舰；容器，器皿；管，血管
必考词Unit12,
acclaim,n.喝彩，欢呼；（尤指对艺术成就的）称誉，高度评价； vt.称赞，赞扬
accommodate,vt.使适应，使符合一致；调和（分歧等）；帮助，给…提供方便；向…提供住处（或膳宿）；容纳，接纳
accommodation,n.住宿，住宿；膳宿供应
accompany,vt.陪伴，伴随；为…伴奏（或伴唱）
accomplish,vt.达到（目的），完成（任务），实现（计划、诺言等）；做到，做成；走完（距离等），度完（时间）
account,n.账，账目，账户，账单；(of)描述，叙述 v.认为，视为；(for)说明，解释，(for)占（一定数量或比例）
accountant,n.会计（员），会计师，账房，出纳
bias,n.偏见；偏重 vt.使有偏见，偏向
bid,v.祝愿；命令，吩咐；出价，投标
bill,n.账单；招贴，广告；法案；单子，清单，（人员/职称等的）表；钞票
billion,num.（美）十亿，（英）万亿
birth,n.出生，分娩；出身，血统
charge,v.要（价），收（费），使充电，使充满；控告 ，指控n.负荷，电荷；价钱，费用
charm,n.美貌，妩媚；魅力，魔力 v.使陶醉，迷住；对…施魔法
chase,n.追逐，追求 vt.追逐，追求
demand,vt.要求，查问 n.要求，请求
democracy,n.民主，民主制，民主国家
democratic,adj.民主的
demographic,adj.人口统计学的，人口统计的
demonstrate,v.论证，证明；（用实验、实例等）说明，教，表明；示范，宣传（产品的）用法（或优点）；游行，示威
denote,vt.表示；是…的标志；意思是
denial,n.否认；拒绝，拒绝给予
deny,vt.否定，否认
department,n.部，局，处；系，学部
depend,vi.取决于，依靠
dependent,adj.依靠的，依赖的；取决于…的
deposit,v.使沉积；存放；将（钱）存入银行，付（保证金） n.沉淀物；存款；保证金
depress,vt.使沮丧，使消沉；使不景气，使萧条；按下，压下
emerge,v.出现，浮现
emergency,n.紧急情况，突然事件，非常时刻
eminent,adj.（指人）著名的，杰出的，卓越的；（指品质、特性）明显的，突出的
emotion,n.情绪，情感
fear,vt.害怕，畏惧 n.害怕，担心
fearful,adj.担心的；可怕的
feature,n.特征，特色；特写
federal,adj.联邦的
federation,n.同盟，联邦，联盟，联邦政府
feed,v.喂养，饲养；向…提供
feedback,n.反馈，反馈的意见
feeling,n.感情，心情，知觉，同情，爱
fertile,adj.肥沃的，富饶的，能繁殖的
goal,n.目的，目标；守门员，球门；进球
goods,n.商品，货物，财产
govern,v.统治，管理；决定，支配；抑制，控制
government,n.政府，内阁；管理，支配；政治，政体
governor,n.总督，州（省）长；主管人员，理事
gradual,adj.逐渐的，逐步的
graduate,v.（使）（大学）毕业，获学位 adj.有学位的，毕业的，研究生的 n.（大学）毕业生，获（学士）学位者
grand,adj.盛大的，豪华的；重大的，主要的，最重要的
grant,vt.同意，准予；授予，给予
heap,n.（一）堆，大量，许多 vt.堆积，大量地（或慷慨地）给予，装满
heal,v.治愈，愈合；调停，止息，消除，克服
health,n.健康，健康状况；卫生
healthy,adj.健康的，健壮的；有益健康的，卫生的
hesitate,v.犹豫，踌躇；含糊，支吾
highlight,vt.使显著，使突出，强调；对（某事物）予以特别的注意；将（部分头发）染成浅色使之有光泽 n.最有意思或精彩的部分
highland,n.高地，高原 adj.高原的
highly,adv.高度地，很，非常；赞许地
immediate,adj.立即的，即时的；直接的，最接近的
immense,adj.广大的，巨大的
immerse,vt.(in)使浸泡，(in)使沉浸在，使专心于 
immigrant,n.（从国外来的）移民，侨民
imminent,adj.（尤指不愉快的事）即将发生的，临近的
immune,adj.免除的，豁免的；可防止的，不受影响的；免疫的，有免疫力的
likely,adj.很可能的，有希望的 adv.大概，多半
likelihood,n.可能性
likewise,adv.同样地，照样地，又，也，而且
self,n.个性，自我，本身，自己；（自己的）通常的行为方式，本来面目，惯常心态；个人利益；私心
selfish,adj.自私的，利己的
必考词Unit13,
beam,"n.（光线的）束,柱；（横）梁，桁条 v.微笑；发光，照射"
become,v.成为，变得；适宜，同…相称；使（人）显得漂亮，使好看
deprive,v. （of）剥夺，使丧失
derive,v.取得，得到；追溯…的起源（或来由）
describe,vt.形容，描述
description,n.描述，形容；种类，类型
deserve,vt.值得，应得
design,v.设计，絵制 n.设计；图样
designate,vt.指明，标明；指定，指派
desirable,adj.称心的，合意的
desire,vt.希望，渴望 n.愿望，欲望，要求
flaw,n.裂缝；缺陷，缺点
flexible,adj.柔韧的；易弯曲的；可变通的
fling,"v.（用力）扔,掷，抛，丢"
flourish,n.流畅的曲线（尤指书法或装饰方面的）；明显的大动作或手势（以引起注意）;炫耀 v.茂盛，繁荣，兴旺；挥舞，舞动；炫耀
grow,v.成为，增长；生长，成长；种植，栽种
grown-up,adj.成熟的，成人的 v.成年人
growth,n.生长，增长，发展
hinder,v.妨碍，阻止
hint,n.暗示；建议；线索，细微的迹象 v. （to）暗示，示意
hitherto,adv.到目前为止，迄今
impact,n.冲击，撞击；影响，作用 vt.压紧；对某事物有影响
impair,vt.削弱，减少；损害，损伤
impart,vt.给予，传授；告知，透露
implement,vt.实施，执行，贯彻 n.工具，器具，用具
implication,n.含意，暗示
implicit,adj. (in)不言明的，含蓄的；无疑问的，绝对的
imply,vt.意指，意味着，暗示
import,v.进口，输入 n.进口；进口商品，进口物资；(of)要旨，含意，意思
importance,n.重要性，重大
important,adj.重要的，重大的；有权利的
impose,"v. (on,upon)征税，加（负担.惩罚等）于;把…强加于；利用，占便宜"
impress,v. (on)印，盖印；留下印象；使钦佩；铭记 n.压痕，印记
impression,"n.印象,感想；盖印，压痕；(书籍)一次印刷，印数"
impressive,adj.给人深刻印象的，感人的
improve,v.改善，增进，提高
impulse,n.推动，驱动；冲动，一时的念头
limit,n.界限，限度，范围 v.限制，限定
limitation,n.限制，局限性
limited,adj.有限的，被限制的；(企业等)有限责任的
origin,n.起源，由来；出身，血统
original,adj.最初的，原始的，原先的；新颖的，有独创性的 n.原物，原作，原文
originate,v.发源，产生，引起；开创，发明
petition,n.请愿，请愿书；（向法院递交的）申请书；正式的请求 v.向…请愿；正式的请求，要求
phase,n.阶段，时期；相，相位
phenomenon,n.（自然的、社会的、历史的）现象；非凡的人、物或事
philosopher,n.哲学家，哲人
philosophy,n.哲学
phrase,n.短语，词语，习语
physical,adj.自然科学的，物理的；肉体的，身体的; 物质的，有形的
physician,n.医师，内科医生
pierce,vt.刺入，刺穿，穿透；（以目光、洞察力等）看透，识破
corporate,adj.（只用于名词前）公司的，社团的；组成公司（或团体）的，法人的；全体的，共同的
corporation,n.公司；法人，法人团体
reason,n.理由，原因；道理；理性，理智 v.（out）推理，推论;（with）说服，评理；讨论，辩论
reasonable,adj.合理的，有道理的，通情达理的
recent,adj.新近的，近来的
serve,v.服务，履行职责；接待（顾客）或为顾客取来（货物）；有用，起作用；满足，符合
servant,n.仆人，用人，佣工；雇员（尤指忠心耿耿的）；忠于某人（事）的人
service,n.服务，帮助；公共设施，公共事业；维修，保养；行政部门，服务机构 vt.维修，保养
set,v.放置；确定，决定；树立，创造；校正，调整；落山，下沉 adj.约定的，规定的，指定的；固定不变的，习惯的 n.一套，一副，一组；电气（或电子）器械（如收音机、电视机、电话机、发报机、收报机等）
setback,n.挫折，退步；（病的）复发；延迟，阻碍
setting,n.安置，安装；环境，背景
settle,vi.安定，安顿；停息，定居；解决，调停
settlement,n.解决，决定，调停；移民地，新住宅区
several,pron.几个，数个，一些 adj.各自的；分别的
severe,adj.严厉的，严格的；剧烈的，严重的
shape,n.形状，外形；体形，身段；（尤指健康）状况；种类 v.使成形，塑造；形成，决定
share,n.一份，份额，一部分；股份 v.分享，分担；合用；均分，分摊；分配
sharp,adj.锋利的，锐利的；轮廓分明的，鲜明的；急转的，突然的；刺耳的，敏锐的，机警的 adv.准时地
shelter,n.掩蔽处，躲避处；掩蔽，保护 v.掩蔽，庇护，为…提供避难所；躲避，避难；替自己找借口
sophisticated,adj.老于世故的，老练的；复杂的；精密的；尖端的，高度发展的
sovereign,n.君主，统治，元首 adj.至高无上的，君主的；独立自主的，完全的
sow,vt.播种；传播；激起
toll,n.通行税（费）；代价；损失；钟声 v.鸣钟（特指宣传死亡）
tone,n.音调，音色，风气，气氛；腔调，语气，色调
topic,n.话题，主题，题目
必考词Unit14,
choke,v.（掐住或阻塞气管）使某人停止呼吸；指（烟等）使人难以呼吸，呛； 窒息，噎住；抑制（感情），压制…的成长（或进展、活动等）
chop,v.（大幅度地）削减，降低，终止，取消；劈，砍，剁 n.（羊或猪的）排骨，肉块
circumstance,n.情况，形势，环境；经济情况，境况
cite,vt.引用，引证，举（例）
claim,n.要求，主张；索赔，权利 vt.要求，声称；主张；索赔
clear,adj.易懂的，明白的；清澈的，明亮的；通畅的，无阻的 adv.清楚地，清晰地 v.证明，宣告...无罪；使清澈，使清楚
border,n.边界，边境，边沿 v.邻接，毗邻
bore,v.使厌烦，使厌倦；钻孔，挖（通道） n.令人讨厌的人（或事），麻烦；（管道、枪管等的）内径，口径
born,adj.出身于…的，天生的，生来的
bother,v.打扰，烦扰；烦恼，操心 n.麻烦
acquire,vt.获得，取得；学到
acquisition,n.获得；获得物
act,v.行动，做事；(on/upon)起作用，表演，扮演 n.行为，动作；一幕；法令，条例
action,n.行动（总称），行为（指具体一次行动），作用，战斗，战事
activate,v.使激活，使活化，使（反应）加快；启动，开动，使活动
active,adj.积极的，活跃的；现行的
activity,n.活跃，行动；活力，活性
actual,adj.实在的，实际的
acute,adj.有观察力的，敏锐的；剧烈的，激烈的；严重的；（疾病）急性的
despise,vt.鄙视，蔑视
despite,vt.不管，不顾；即使，尽管
energetic,adj.精力旺盛的，有力的
energy,n.精力，活力，能量，能源
enforce,"vt.(on,upon)强迫，强加；实施，使生效；加强，坚持"
engage,vt.与…建立密切关系，尽力理解；雇，聘；吸引，占用（时间、精力等）
engagement,n.约会，约定；婚约，订婚
fold,v.折叠 n.褶，褶痕
folk,n.人们 adj.民间的
follow,v.跟随，接着；领会，沿着…前进，遵循；结果是
following,adj.接着的，下列的
force,n.力量，力；势力；军队，兵力 vt.强迫，迫使
fore,adj.前部的，重要的 adv.在船或飞行器的前部 n.前部
forecast,n.预测，预报 vt.预测，预报
foresee,vt.预见，预知
forge,v.锻造，打铁；伪造，仿造，编造；稳步前进 ，缓缓推进n.锻造车间，锻铁炉，铁匠铺
grim,adj.非常严肃的；严厉的，严峻的；令人不愉快的；坚定而无畏的；含不快或恐怖内容的；（指地方）极其简陋的；生病，不舒服；很坏，令人厌恶
grasp,v.抓住，抓紧；掌握，领会 n.抓住，抓紧；掌握，领会
grip,v.抓紧，握紧；吸引住 n.握紧，抓牢；吸引力
gross,adj.总的，毛的；严重的，极端的；粗俗的，下流的 vt.总共赚得，获得…总收入
ground,n.地面，土地；场所；根据，理由
group,n.组；群；批；类；簇；集团；团体；乐团 v.（使）成群，成组，聚集；把…分类；把...分组
guarantee,n.保证，保证书，保单 vt.保证，担保
guard,v.守卫，保卫 n.守卫，看守
include,vt.包括，包含，计入
inclusive,adj.包括的，包含的；范围广的
income,n.收入，收益
incorporate,v.包含，吸收；合并，混合
increase,v.增加，增长，增进 n.增加，增长
increasingly,adv.不断增加地，日益
incredible,adj.难以置信的，惊人的，不可思议的
incur,vt.招致，引起，遭受
link,v.接连，联系 n.环节，联系
list,n.表，目录，清单，名单 vt.把…编成列表，列入表内；高兴，称心，中意
literally,adv.照字面意义地，逐字地；确实地，真正地
literary,adj.文学上的，文学的；精通文学的
literature,n.文学，文学作品，文献
memo,n.备忘录
memorial,adj.追悼的，纪念的 n.纪念物，纪念碑，纪念馆
memory,n.记忆，记忆力，回忆；储存(器）
mental,adj.精神的，心理的，智力的，脑力的
mention,vt.提及，说起 n.提及，说起
mentor,n.导师，顾问
other,"adj.另外的，其他的，别的 pron,其他人或物"
otherwise,conj.要不然，否则 adv.不同地；用别的方法；在其他方面
outcome,n.成果，结果
sign,n.标记，符号，招牌；征兆，迹象 v.签名（于），署名（于）
signature,n.签名，签署，签字
signal,n.信号，暗号 v.发信号，用信号通知
significance,n.意义，含义；重要性，重大
significant,adj.有意义的；重要的，重大的
signify,v.表明，表示，预示；有重要性，要紧
similar,adj.相似的，类似的
simple,adj.简单的；单纯的，直率的，朴素的；迟钝的，头脑简单的
simplicity,n.简单，朴素；直率，单纯
simplify,v.简化，使单纯
simply,adv.仅仅，只，不过；简直，确实，简单地，朴素地
slack,adj.不要紧的，不严的，松弛的；松懈的，疏忽的；（生意）萧条的，不景气的n.淡季，萧条；便裤，宽松长裤
slack,adj.不紧的，松弛的；松懈的，疏忽的；萧条的，不景气的 n.淡季，萧条；便裤，宽松长裤
必考词Unit15,
radiate,v.发出，发射出（光、热等），辐射，发射； 发散，显露出
radiant,adj.发光的，辐射的，照耀的；容光焕发的；满面春光的，极漂亮的
radical,adj.根本的，基本的；彻底的，完全的；激进的 n.激进分子
object,n.物体，实物；（情感、思想和行动的）对象，客体；目的，宗旨；宾语 v. （to）反对，不赞成
objective,adj.客观的，如实的，无偏见的 n.目的，宗旨
objection,n.反对，异议
obligation,n.义务，责任
oblige,v.强迫，迫使；施恩惠于，帮…的忙；使感激
obscure,vt.使变暗，遮蔽；使变模糊，混淆 adj.费解的，不分明的；不著明的，无名的
observation,n.观察，观测，监视；言论；观察资料或报告
observe,v.观察，注意到；遵守，奉行（规则、法律、习俗等）；（尤指就注意到或深思熟虑之事）说话，评论，评述
obsession,n.迷住，牵挂，惦念；萦绕于心的人或事
obsolete,adj.废弃的，淘汰的；过时的，陈旧的
obtain,v.获得，得到；存在，流行，沿袭
obvious,adj.明显的，显而易见的；平淡无奇的，不必要的
ideal,adj.理想的，完美的；空想的，理想主义的，想象的 n.理想
ideology,n.思想意识，观念形态，思想方式，思想体系
identical,adj.同一的；（完全）相同的，一模一样的
identification,n.识别，鉴别，确认；身份证明
identify,v.认为…等同于，使等同于；识别，鉴别，确认，认出
identity,n.相同性，一致（性）；本身，本体；身份
journal,n.（尤指学科或专业）定期刊物，杂志，报纸；日志，日记
journalist,n.记者，新闻工作者
journey,n.旅行，旅程 vi.旅行
judge,n.法官，审判员；裁判员，评判员；鉴赏家；鉴赏家 v.审判，判决；评定，裁判；断定，判断
judgment judgement,n.审判（多作不可数），判决；判断力，识别，看法
judicial,adj.法庭的，司法的，审判的；公正的，明断的
jury,n.陪审团；全体陪审员，评判委员会
jurisdiction,n.司法权，审判权，管辖权；管辖区域，管辖范围
justice,n.公平，公正，合理；审判，司法（制度），法律制裁；法官
justify,vt.证明…正当(或有理、正确)
label,n.标签，标记，标号 vt. (as)加标签于；把…称为；把…归类为
lag,v.走得慢，落后，滞留；减弱，衰退
largely,adv.大量地，大规模地；主要地，基本上
lateral,adj.侧面的，旁边的，横向的
latter,adj.后一半的，末了的 pron.后者
law,n.法律，法令，法规；法则，规律，定律
lawsuit,n.诉讼，起诉
magnitude,n.巨大，广大；大小，数量；重大，重要性
magnify,v.放大，扩大；夸大，夸张
magnificent,adj.壮观的，壮丽的，宏伟的
maintain,vt.维持，保持；维修，保养；赡养，供给；坚持，主张
maintenance,n.(状态、进程等的)维持，保持；（建筑物、机器、道路等的）维修，保养；（依法应负担的）生活费，赡养费
major,adj.较大的，较重要的；v. (in)主修，专攻 n.专业，主修科；专业学生；少校
majority,n.多数，大多数；半数以上；票数差距，多得的票数；法定年龄；成年
make,v.做，制造；构成，组成；成为，使成为；强迫，迫使
theme,n.（演讲、文章或艺术作品等的）主题，题目，中心思想
theory,n.理论，原理；学说，见解，看法
theoretical,adj.理论上的；假设的
therapy,n.（治）疗法，理疗
qualification,n.资格，合格；限定，限制性条件；合格证
qualify,v.使具有资格，证明合格，使有权（做某事）；限制，限定，修饰
quality,n.质量，品级；性质，特性；品德，品质；优质，上乘
qualitative,adj.性质上的，质量的
safeguard,vt.维护，保护，捍卫 n.防护措施，安全措施
safety,n.安全，保险，安全性，安全场所
savage,adj.野蛮的，未开化的；凶恶的，残暴的； n.未开化的人，野蛮人；vt.猛烈抨击，激烈批评；（动物等）凶猛地攻击
save,v.救，拯救；储蓄，贮存；收集；保存；节省，节约
saving,n.节省，节约，节俭；储蓄金，存款
scale,n.刻度，标度；天平，磅秤；比例，比例尺；规模，程度；范围
scene,n.景色，景象；舞台（多用于比喻），（戏）一场；（事件发生的）现场，地点
scenery,n.风景；舞台布景
pace,n.步，步速，步伐；速度，节奏 v.踱方步，踱步于
panel,n.面，板；控制板，仪表盘；专门小组
panorama,n.全景，全景画，全景摄影；概论，概述，概观
prove,"v.证明，证实；检验，考验，鉴定；结果是，表明是；[~oneself]展现,显示（自己的才能）"
provide,vt.提供，供给，给予；（法律或协议）规定
provided,conj.倘若，只要，假如，在…条件下
必考词Unit16,
abandon,vt.抛弃，遗弃，离弃；放弃
abide,v.容忍，忍受；遵守，忠于；逗留，居住
ability,n.能力，智能；才能，才干 
able, adj.有能力的，能干的，显示出才华的
abnormal,adj.反常的，异常的，变态的
background,n.背景，底色；背景情况；个人背景资料（学历、资历等）
balance,v.（使）平衡 n.天平，秤；平衡，均衡；差额，结余，余款
base,n.基础，底部，底座；基地，根据地；总部，大本营 vt. (on/upon)把...基于，以...为依据
basement,n.地下室；建筑物的底部
basic,adj.基本的；基础的；根本的
basis,n.基础，根据
calculate,v.计算，推算；估计，推测；计划，打算
call,v.喊，叫；打电话；把…叫做，称呼，称为
calm,adj.（天气、海洋等）静的，平静的；镇静的，沉着的 n.平静，风平浪静 v.使平静；使镇静
campaign,n.战役；运动，竞选活动 v.发起运动，开展活动
candidate,n.候选人，候补者；报考者，考生
data,n.数据，资料
database,n.数据库
date,n.日期，年代 ；约会v.注明…的日期；约会；鉴定年代
dazzle,vt.（强光等）使目眩，耀眼；使惊奇，使倾倒 n.耀眼的光，闪耀物；令人赞叹的东西
deal,v. (with)处理，给予；做买卖，经营 n.协议，交易
dealer,n.商人
debate,n.争论，辩论 v.争论，辩论
decade,n.十年
decide,v.决定，下决心；解决，裁决
decision,n.决定，决心；决议；决策
decisive,adj.决定性的；果断的，决断的
decorate,vt.布置，装饰；授勋
economic,adj.经济上的，经济学的，经济的；有利可图的，可赚钱的，合算的
economical,adj.节约的，节俭的，经济的；省时间的
economics,n.经济学；经济原则；国家的经济状况
economy,n.节约，节省（金钱、时间、资源等）；（国家的）经济管理；经济制度
educate,vt.教育，培养，训练
education,n.教育，教育体制；知识；修养
effect,n. (on)作用，影响；结果；效果，效力 vt.产生，招致，实现
effective,adj.有效的，生效的，得力的
efficient,adj.有效的，效率高的；能胜任的
efficiency,n.效率，功效
effort,n.努力，艰难的尝试
fabric,n.织物；结构，组织
fabricate,vt.建造，制造；捏造，编造（谎言、借口等）
face,n.脸，面貌；表情；正面，表面 v.面临着；朝，面向
factor,n.因素，要素；因子，因数
fade,vt.（颜色）褪去；(声音等)变微弱； 变暗淡；逐渐消失
fail,v.衰退，减弱；破产；失败，不及格
failure,n.失败，不合格；失败者；故障，失灵；未能
fair,adj.公平的，合理的；相当的，尚好的；晴朗的；整齐的，清洁的 n.集市，交易会，博览会
fairly,adv.公正地，诚实地；相当地
fall,v.跌倒；下降，减弱；失势，垮台；坠落；变成，陷于 n.秋季
fan,n.扇子，风扇；（影、球等）迷 v.扇，煽动，激起
fancy,n.想象力；幻想，幻觉；（尤指一时的）爱好，迷恋 vt.想象，幻想 adj.根据想象的，空想出来的；花式的，别致的
fascinate,v.强烈地吸引，迷住，使神魂跌倒
gain,v.获得，博得；增加；（钟、表）走快 n.获益；增加
gamble,v.赌博；投机；冒险 n.赌博；投机；冒险
gap,n.间隙，缺口；分歧，差距
gene,n.基因
general,adj. 一般的，普遍的；总的，大体的 n.将军
generalize generalise,v.归纳，概括；推广，普及；使普通化
habit,n.习惯，习性，脾性
habitat,n.（动植物的）自然环境，栖息地
hamper,vt.妨碍，阻碍；束缚，限制，牵制
handicap,n.障碍，不利条件 vt.妨碍，使不利
shield,v.保护，保卫；庇护，掩盖 n.盾，保护物，防御物
shift,v.转移，移动；替换，更换 ，改变n.转移，更换，改变；班，轮班，轮班职工
shoulder,n.肩膀，肩部 vt.肩负，承担
show,vt.呈现，显示；表明，证明 n.展览，展览会，演出
shower,n.阵雨，阵雨般的东西；一大批，一大串；淋浴，淋浴器，淋浴间 v.下阵雨；阵雨般落下（或来到）
必考词Unit17,
tow,v.拖，拉，牵引
toward towards,prep.向（表示运动方向）；（表示关系）对于； （表示时间）将近；（表示目的）为了
take,v.拿取，携带；带去，引领；吃，服用；记录，拍摄；取得，接受； 需要，花费；捕获，抓住；认为，当做 n.（一次）录音，（一次）拍摄；看法，意见，观点；收入额； 捕捞量
talent,n.才能，天资，天才
target,n.目标，对象，靶子 vt.把…作为目标
taste,vt.品尝，辨味；体验，感到 n.滋味，味觉；（趣）味，鉴赏力
technical,adj.技术的，工艺的
technician,n.技术员，技师，技工
technique,n.技术，技能
technology,n.工艺，科技
teenager,n. （13-19岁的）青少年
temper,n.心情，脾气，气质；硬度，韧度
temperature,n.温度，体温
temporal,adj.世间的，世俗的，现世的；时间的，时间方面的
temporary,adj.暂时的，临时的
tempt,vt.引诱，诱惑；吸引，使感兴趣
temptation,n.诱惑，引诱
tend,v.趋向，倾向；易于，往往会；照料，看护
tendency,n.趋势，趋向
tentative,adj.试验（性）的，试探（性）的，暂时（性）的，（凭）推测的，不确定的
term,n.学期；任期，期限；条件，条款；术语，专有名词；关系，地位
terminal,n.终点站；终端，终端机；（电路的）端子，线接头 adj.患绝症的，晚期的；不治的，致命的；不可救药的；无可挽回的；末端的，末梢的
terminate,v.停止，结束，使终止
testify,v.证明，作证，证实；（to）表明，说明
trace,n.痕迹，踪迹；微量，少许 v.追踪，跟踪；查出，找到；描絵，草拟
track,n.足迹，踪迹；小道 ，小径v.跟踪，追踪
tradition,n.传统，惯例
ultimate,adj.最后的，最终的；极点的，终极的；基本的，根本的；最大的，最高的
underestimate,vt.低估
undergo,v.经历，遭受，忍受
underlie,vt.位于...之下；引起，构成...的基础（或起因）
underlying,adj.在下面的；根本的；潜在的
underline,vt.在…下划线；强调
understand,v.懂，理解；获悉，听说；揣测，认为
understanding,n.理解，理解力，谅解 adj. 了解的，通情达理的
undertake,vt.承担，接受；着手做，从事；同意，保证；负责
uneasy,adj.心神不宁的，不安宁的；令人不安的，不自在的
unemployment,n.失业，失业人数
unexpected,adj.想不到的，意外的
unify,vt.使成一体，统一；使相同，使一致
union,n. 一致，融洽；联合，合并；协会，工会，同盟
unique,adj.唯一的，独一无二的
universal,adj.普遍的，全体的，通用的；宇宙的，世界的
universe,n.宇宙，万物
unlike,adj.不同的，不相似的 prep.不像，和...不同
unlikely,adj.未必的，靠不住的，不像的
unusual,adj.不平常的，与众不同的
vague,adj.含糊的，不明确的，模糊的
vain,adj.徒劳的，无效的；自负的，爱虚荣的
valid,adj.合理的，有效的，有根据的；具有法律效力的
valuable,adj.贵重的，有价值的 n.贵重物品，财宝
value,n.价值；价格；重要性，益处；价值观，标准 vt.估价，评价；尊重，重视
vanish,vi.突然消失，逐渐消散
variable,adj.易变的，可变的，变量的 n.可变因素；变数
variance,n.变化幅度，差额
variation,n.变化，变动；变种，变异
variety,n.种种，多种多样；种类，品种
various,adj.各种各样的，不同的
vary,v.改变，变化
vast,adj.巨大的，辽阔的；大量的，巨额的
wage,n.工资，报酬； vt.进行，从事，开展
wander,vi.漫步，徘徊；迷路；走神，开小差，（神情）恍惚；离题
want,v.想要，希望；需要，短缺，缺少 n.短缺，缺少，必需品
way,n.方法，方式；方面；方向；道路，路线；习俗，作风
weak,adj.虚弱的，软弱的；差的，不够标准的；淡的，稀的
wear,v.穿，戴；留，蓄（发、须等）
weary,v.使厌烦，使疲劳 adj.疲劳的，疲倦的；使人疲劳的
weigh,v.称...重量，称；（对看法或决定）有影响，有分量；掂量，权衡，比较
weight,n.重量，分量；重（的特性）；重要性，严重性或影响力（的程度） vt.在（某物）上加重量，使某物重些；给某人加负担，使某人负重
weird,adj.怪异的，超自然的，神秘的，不可思议的 n.命运，前兆
weld,v.焊接，煅接；（into）使紧密结合，使合成整体
welfare,n.福利，幸福，好处
whirl,v.旋转，急转；（头）发晕 ，（感觉等）变混乱n.回旋，旋转，急转；眩晕，混乱
whisper,v.低语，耳语，嘀咕 n.低语，耳语，私语；传闻，谣言
yield,v.生产，产生，带来；放弃，屈服 n.产量，收获
youth,n.青春，青春期；年轻人
zigzag,adj.之字形的，锯齿形的 n.之字形，曲折 v.呈之字形移动，曲折行进
zone,n.地带，分布带；地区，区域 v.分区，划分地帯
zoom,n.飞驰，嗡嗡声 v.飞驰；（价格等）急剧上涨，突然扩大
key,n.钥匙；（to）答案，解答；关键；键，琴键 adj.主要的，关键的 v. （to）使适应（用）；使和谐
knit,v.编织，编结；针织，机织；（使）愈合，接合；（使）紧密结合
必考词Unit18,
glamour,n.迷人的美（通常指性感的）；魅力，吸引力 v.迷惑，迷住
generate,vt.产生，发生（电、热、光、力、摩擦力等）；引起，导致
generation,n.产生，发生；一代（人），同时代人；同一时期的产品
generator,n.发电机，发生器
generous,adj.丰富的，大量的；慷慨的，大方的
genius,n.天才，天赋
gift,n.礼品，赠品；天赋，才能
genre,n.（文学、艺术、电影或音乐的）体裁；类型；风格
giant,n.巨人 adj.巨大的
gigantic,adj.巨大的，庞大的
give,v.给，提供；交给，托付；献出
happen,v.（尤指偶然）发生，出现；（作为结果）出现，发生；碰巧，恰好
harm,n.伤害，损害，危害 vt.伤害，损害，危害
harmony,n.协调，和谐；融洽
harsh,adj.粗糙而使人不舒服的； 严酷的，无情的；严厉的，苛刻的
ignorance,n.无知，愚昧；（of）不知道；对...一无所知
ignorant,adj.无知的，愚昧的；不知道的
ignore,vt.不顾，不理，忽视
ill,adj.有病的；坏的，不利的；恶意的 adv.不善良地，邪恶地
illness,n.病，疾病
illusion,n.幻觉，错觉；幻想中的事物
illustrate,v.（用图或例子）说明，阐明；加插图
illustration,n.说明，例证；插图，图解
image,n.形象；肖像，影像，映像v.反映
imagine,vt.想象，设想，料想；猜想
imaginary,adj.想象的，虚构的
imagination,n.想象，空想，想象力
imaginative,adj.富有想象力的，爱想象的
imitate,vt.模仿，仿效；仿造，伪造
imitation,n.模仿，仿效；仿制，仿制品
lead,v.领导，引导；领先；占首位；（to）通向；导致 ，引起n.带领，引导
leadership,n.领导，领导层
leading,adj.领导的，指引的；第一位的；最主要的
legal,adj.法律的，法定的；合法的，正当的
legislation,n.立法，法律的制定（或通过）
legitimate,adj.合法的，合理的，正统的
leisure,n.空闲，闲暇；悠闲，安逸
level,n.数量；程度；浓度；水平；层次；级别 v.（尤指用枪）瞄准，对准 adj.等高的；地位相同的；价值相等的
lever,n.杠杆；控制（操纵）杆，把手；工具；手段 v.用杠杆撬；操纵，控制
levy,n.征收，征税 vt.征收，征集，征用
manage,v.经营，管理，处理；设法对付；操纵，运用
management,n.经营，管理；管理部门
mandate,n.（政府或组织等经选举而获得的）权力，授权；（官方的）命令，指令；（政府的）任期 v.（常用被动态）强制执行，委托办理；授权
manifest,adj.显然的，明了的 v.显示，表明；表露，显露；证明，证实
manipulate,vt.（熟练地）操作；（巧妙地）处理；（尤指用权势或不正当手段）操纵，控制
manner,n.方式，方法；举止，风度；礼貌，规矩
margin,n.页边空白；边缘；余地，差额
marginal,adj.记在页边的，边缘的
mass,n.大量，众多；团，块；群众，民众；质量
massive,adj.大而重的，厚实的，粗大的；大规模的，大量的
massacre,n.残杀，大屠杀 vt.残杀，集体屠杀
occupation,n.占领，占据，占用；职业，工作
occupy,vt.占用，占有；使忙于，使从事；占领，侵占；担任(职务)，居（某种地位）
occur,v.发生，存在，出现；被发现，被想到
occurrence,n.事件，事故，发生的事情；发生，出现(过程)
offend,v.冒犯，使生气；违犯，违反；使厌恶，使不舒服
offer,v.提供，提出；呈现，出现 n.提供；出价
offset,v.补偿，抵消 n.补偿，抵消
offspring,n.子孙，后代；结果，产物
paragraph,n.段，节；小新闻，短评
paralyse  paralyze,vt.使瘫痪，使麻痹；使丧失作用
parallel,adj.平行的；类似的，相同的 n.平行线，平行面；相似物，相似处；显示相似处的比较，比拟；纬线，平行圈
part,n.部分；片段；一点；成员；成分；器官；部位； 组成部分；部件，零件；地区，区域；参加，参与；等份，份 v.离开，分别；分离，隔离；分散，解散； adv.部分地
partial,adj.部分的，不完全的；偏向一方的，偏袒的，偏爱的
participant,n.参加者，参与者
participate,"v. (in)参与，参加；(in,with)分享,分担"
particle,n.粒子，微粒；极少量
particular,adj.特殊的，特别的；特定的，特指的；细致的；苛求的，挑剔的 n.详情，细目
partly,adv.部分地，不完全地
partner,n.合作者，伙伴；配偶，伴侣 v.结成伙伴，做搭档，配对
passion,n.热情，激情；爱好；激怒，大怒
passive,adj.被动的，消极的
quick,adj.迅速的，敏捷的 adv.迅速地，快
quit,v.停止；放弃；离幵；辞去
quest,v.寻求，寻找，探索 n.探索，寻找，追求（幸福等）
questionnaire,n.（统计或调查用的）调查问卷，征求意见表
quote,v.引用，引述，援引
span,n.跨度，跨距，一段时间
spare,adj.多余的，剩下的；备用的，额外的 vt.节约，节省；抽出，让给
schedule,n.时间表，进度表 vt.安排，排定
scheme,v.计划，策划；搞阴谋 n.计划，方案；阴谋，诡计；结构，布局
science,n.科学，学科，自然科学
scientific,adj.科学的，关于科学的；细致严谨的
scientist,n.科学家
必考词Unit19,
embrace,v.拥抱；（欣然）接受；包含，包括 n.拥抱
embed,vt.使插入，使嵌入；深留（记忆中）
embody,vt.使具体化，表现；收录，包括
embryo,n.胚，胚胎；萌芽状态
elicit,v.引出（真理等）；探出，诱出（回答等）
elite,n.[总称]出类拔萃的人（或物），精华；上层人士，实力集团，精英
elsewhere,adv.在别处，向别处
thirst,n.渴，口渴；（for）渴望，渴求
thorough,adj.彻底的，完全的；精心的
though,conj.虽然，尽管 adv.可是，然而
thought,n.思想，思维，思考；想法，观念
thoughtful,adj.认真思考的，沉思的，有心事的；体贴的，关心的
threat,n.恐吓，威胁；坏兆头，危险迹象
threaten,v.恐吓，威胁；有...危险快要来临
update,vt.更新，使现代化
upgrade,vt.提高，使升级；改善
uphold,vt.举起，高举；支持，维护，赞成
upset,v.使心烦意乱，使苦恼；打乱，搅乱；弄翻，打翻
up-to-date,adj.时新的，新式的，现代化的
ventilate,v.使通风，使空气流通；公开讨论（问题、意见等）
venture,n.冒险，冒险行动，投机行动，（冒险）事业 v.冒险；用…进行投机；敢于，敢说
widespread,adj.遍布的，普遍的
win,v.（获）胜；赢得；达到，获取 n.赢，胜利
wit,n.智力，才智
withdraw,v.抽回，收回，提取；取消，撤回；撤回；撤退，离开
witness,n.目击者，见证人；证据，证言 v.目击，目睹；作证，证明
inaugurate,v.为（某人）举行就职典礼；为…举行落成仪式；引进，开创，开始
incentive,n.刺激，奖励；动机，诱因
incidence,n.发生（率）；影响（范围、方式、程度）
incident,n.事件，事变
incidentally,adv.偶然地；附带地，顺便提及
incline,v.倾斜；（to）（性格上）倾向，喜欢，爱好；（to）趋向，趋势
academic,adj.学院的；学术的
academy,n.学院
accelerate,v.（使）加速；（使）加块，（使）增速；加快，加速
accept,v.接受，认可；同意，承认
acceptance,n.接受；承认，认可
access,n.接近，进入；接近（或进入）机会；享用机会；入口，通道 vt.存取（计算机文件）
accessory,n.附件，配件；附属物 adj.附属的；辅助的
begin,v.开始，创始，开始讲话
beginning,n.开端，开始；初始阶段；源于
behalf,n.利益
behave,vi.举止端正，听话；表现；（机器等）运转
behavior  behaviour,n.行为，举止；（机器的）特性
belief,n.信仰，信条；相信，信念
believe,v.相信，信任；（in）信仰；相信存在
belong,vi. （to）属于，附属，隶属；应归于（类别、范畴等）
beneficial,adj. （to）有益的，有好处的
benefit,n.利益，好处，恩惠 v.有益于，受益于
challenge,vt.向…挑战；对…质疑，公然反抗；需要，要求；考验（某人的）能力，激励 n.挑战；艰苦的任务，努力追求的目标
chance,n.机会；可能性；偶然性，运气  v.碰巧，偶然发生
change,n.改变，变化；零钱，找头 v.交换，兑换；改变，变化
channel,n.海峡，水道；频道，波段；路线，途径
character,n.（事物的）性质，特性；（人的）品质，性格；（小说、戏剧等的）人物，角色；（书写或印刷）符号，（汉）字
characterise characterize,vt.表示…的特性；描述…的特性
characteristic,n.特征，特性 adj. （of）特有的，独特的
defend,vt.防御，防卫，保卫；为…辩护，为...答辩
define,vt.规定，限定；使明确，使清楚；解释，给...下定义
definite,adj.明确的，肯定的，限定的
definition,n.定义，解释；清晰度
defy,vt.蔑视；（公然）违抗，反抗；使成为不可能
degree,n.程度；度数；学位；等级
delay,"n.耽搁，延迟 v.耽搁,延迟"
deliberate,"adj.慎重的，深思熟虑的；蓄意的，故意的 v. （upon,over,about）仔细考虑，商议"
delicate,adj.纤弱的；精密的；微妙的；灵敏的
deliver,v.给（产妇）接生（只用于被动语态）；投递，传送，运输；发表，宣布；给予；发射；释放，解救
delivery,n.递送，交付；分娩
fiction,n.虚构，编造；小说
field,n.田，田野；运动场；领域，范围；（电磁等）场
fierce,adj.凶猛的，残忍的；狂热的，强烈的
fight,v.搏斗，打仗 n.战斗，斗志
figure,n.数字；体形；图形；人物 v.算出，估计，推测
finance,n.财政，金融 v.为…提供资金
financial,adj.财政的，金融的
finding,n.发现，发现物；调查（研究）结果
finite,adj.有限的，有限制的
firm,adj.坚固的；坚决的，坚定的 n.公司，商号
first,adj.第一的，最重要的，首要的；最优秀的 adv.首先，第一，最初；（强调不愿意）宁可，宁愿 n.空前的成就，前所未有的事情；（汽车、自行车等的）一档，最低档；（英国大学学位）最高成就，优秀成绩
fit,"v.（使）适合，（使）配合，适应；安装，装配 adj. （for,to）适合的，恰当的;健康的，强健的"
fitting,adj.适合的，恰当的 n.配件，附件，装置；试衣
global,adj.全球的，世界的
globe,n.球体，地球仪；地球，世界
必考词Unit20,
patch,n.补丁，补片；碎片，碎屑；小块土地 vt.修补；拼制，拼凑
patent,n.专利，专利权 ，专利品adj.专利的，特许的；受专利保护的 vt.批准专利，获得专利
pattern,"n.模范，榜样；模式，样式；花样，图案；形状，方式，风格 v. （on,upon,after）仿制，仿造"
pay,v.支付，付出；给予（注意），进行访问等 n.工资，薪金
payment,n.支付，付款额
peculiar,adj.奇怪的，古怪的；特有的，独特的
peer,n.（身份或地位）相同的人，同辈；（英国）贵族 v.仔细看，凝视，窥视
per,prep.每，每一；经，由
perceive,vt.感知，感觉，察觉；理解，认识到，认为
percentage,n.百分比，百分率，百分数
perfect,adj.完美的，理想的；完全的，十足的 vt.使完美，改善
rail,n.铁路，铁轨，轨道；栏杆，围栏
railroad  railway,n.铁路 v.由铁路运输；使（议案）草草通过
raise,vt.举起，提高，增加；竖起，建立；提出，发起 n.提高，增加（工资）
rally,v.集合；团结；恢复（健康等），重新振作 n.（群众）集会，（群众）大会；公路汽车赛
random,adj.胡乱的，任意的，随意的 n.任意，随意 （现只用于at~）
range,n.（山、丘等连贯而成的）脉；排，行，一系列；幅度，范围，领域 v.排列，排成行；（在某范围内）变化，变动
rank,n.排，行，列；社会地位，阶级，级别；军阶，军衔 v.排列；分等级，把…分类
master,n.主人，雇主；师傅，能手，大家，大师 vt.精通，掌握；adj.熟练的，精通的
masterpiece,n.杰作，名著
mate,n.伙伴，同事；配偶，性伴侣
material,n.材料，原料，资料 adj.物质的，实体的
mathematical,adj.数学（上）的，精确的
mature,adj.熟的，成熟的；成年人的 v.使成熟
maximum,n.最大值，极限 adj.最大的，最高的，最强的
mean,vt.表示...的意思，意指；意欲，打算 adj.卑鄙的；吝啬的，小气的；低劣的，简陋的；中间的，平均的 n.平均值
meaning,n.意义，意思 ，含义adj.有意义的，意味深长的
means,n.方法，手段；财富，资产
meantime,n.其间，其时 adv.同时，其间
meanwhile,n.其间，其时 adv.同时，当时
measure,v.量，测量 n.程度，地步；措施，办法
opening,n. 口子，孔；幵始，开端；空缺，机会 adj.开始的，幵幕的
opera,n.歌剧，歌剧团
operate,v.运转，开动；（on）动手术，开刀；操作，开动机器
operation,n.运转，开动，操作；（on）手术
operational,adj.操作的，运转的
operator,n.操作人员，（电话）接线员
opinion,n.意见，看法，主张
opportunity,n.机会
opponent,n.敌手，对手；反对者 adj.对立的，对抗的
oppose,vt.反对，反抗
opposite,adj. （to）相反的，对立的；对面的 n.对立面，对立物 prep.在...对面
oppress,vt.压迫，压制
scope,n.（组织、活动等的）范围；机会，余地
score,n.得分，比分，分数，成绩；（单复同）二十个 v.得分，记分
scorn,vt.轻蔑，鄙视 n.轻蔑，鄙视
secure,adj.安全的，可靠的，有把握的 vt.使安全，保卫；弄到，获得
security,n.安全
see,vt.看见，察觉；理解，领会；获悉，知道；会见，访问；目睹，经历
seek,v.寻找，探索；征求，请求；（后接不不定式）试图，设法
seem,v.（涉及推断）好像，似乎，看来；感到好像，觉得似乎；（表示不确切或客气）看起来好像，似乎
seemingly,adv.表面上地；在...看来，就我们所知而言
thrift,n.节俭，节约
thrill,v.使非常兴奋，使非常激动 n.兴奋，激动；引起激动的事情
thrive,vi.兴旺发达，繁荣；茁壮成长
through,prep.穿过，通过，从开始到结束；经由，以，因为，由于 adv.从头到尾，自始至终，直达地；彻底，完全，穿过 adj.直达的，直通的
throughout,prep.遍及，贯穿 adv.到处，全部，始终
tip,n.末端，尖端；小费；（尤指有关赛马的）秘密（内幕）消息；指点，忠告 v.给小费；向…透露消息；倾斜，翻倒；轻触，轻碰
title,n.标题，题目，书名；称号，头衔，职称
urban,adj.城市的
urge,v.推进，鼓励；力劝，恳求 n.强烈的欲望，迫切的要求，冲动
urgent,adj.紧迫的，紧要的
utilize  utilise,vt.利用
utter,vt.发出（声音等），说，吐露 adj.完全的，彻底的，十足的
wonder,n.奇迹，奇事；惊奇，惊讶 v. （at）感到惊讶，感到诧异；感到疑惑，想要知道
worship,n.崇拜，崇敬；礼拜，敬神 v.崇拜，敬奉；做礼拜，敬神，拜神
worth,adj.值...钱；值得...；拥有...财产 n.价值；作用
worthwhile,adj.值得（做）的
worthy,adj. （of）值得…的，配得上...的；可尊敬的，有价值的，大有作为的
write,v.写，写字，写信，写作
writer,n.作家，作者
必考词Unit21,
mediate,v.调停，调解，斡旋；为解决分歧找到（方法），促成（协议）； 影响…的发生，使...可能发生
meditate,v.沉思，冥想（尤指精神方面的问题）；考虑，谋划，暗自策划
meditation,n.沉思，冥想；深思熟虑，苦思冥想
medium,n.中间，中庸；媒介（物），媒体；介质，传导体；手段，工具，方法
elaborate,"adj.精心计划（或制作）的，详尽的，复杂的 v.精心制作；（on,upon）详述（计划、说明）"
elegant,adj.优雅的，优美的，精致的；简练的，简洁的
element,n.元素；要素，组成部分，基本部分；有点，有些，少量； （学科的）基本原理，基础，纲要；（尤指动物的）自然环境，适宜的环境
elementary,adj.初等的，基本的；简单的，容易的
eliminate,vt.排除，消除；（比赛中）淘汰；消灭（尤指敌人或对手）
abolish,vt.废止；废除（法律、制度、习俗等）
absence,n. （from）缺勤，缺席，不在场；缺乏，没有
absent,adj. （from sth.）不在场的，缺席的； 漫不经心的，茫然的
abroad,adv.到国外，在国外；广为流传
absolute,adj.纯粹的，完全的，十足的，绝对的； 不受任何限制（或约束）的；无疑的，肯定的，确实的
absorb,vt.吸引…的注意；占去（时间、注意力等） 承受，忍受；吸进，吸收（液汁、气体等）
abstract,adj.抽象的；n.（书、文、案情等的）摘要，梗概 vt.提取，抽取
behave,vi.举止端正；表现；（机器等）运转
ban,vt.（官方明令）禁止，取缔 n. （on sth.）禁止，禁令
bar,n.条，块，杆，棒；酒吧，酒柜 vt.闩（门、窗等）；禁闭，封锁，禁止
bare,adj.赤裸的，光秃的；基本的，微小的；仅仅的，光是的
barely,adv.赤裸裸地，无遮蔽地； 空空地；仅仅，勉强；几乎不
bargain,n.廉价货；交易；契约，合同 v.（for/over/about）议价（讨价还价）；成交
capable,adj.有能力的，能胜任的
capacity,n.才能，能力；生产力；接受能力；容量，容积
capital,n.首都，首府；大写字母；资本，资金 adj.首位的，最重要的；基本的；应处死刑的
captive,adj.被俘的，被监禁的 n.俘虏，囚徒，战俘
capture,vt.俘虏，捕获；夺得，攻占 n.俘虏，捕获（物）
career,n.生涯，经历；职业 adj.职业的
careful,adj.小心的，仔细的；细致的，精心的
case,n.事例，事实，事情；病例；案件
cast,v.投，扔，抛，撒，掷；分配…扮演某角色，为（戏剧、角色）选派演员；铸造 ，浇铸n.演员表，一组演员，角色分派
casual,adj.偶然的，无计划的，随便的，非正式的
casualty,n.(战争或事故中的)伤亡者，牺牲品
catch,v.捉住，捕获；赶上，搭上（车、船等）；感染，得病；理解，听懂
category,n.（人或事物的）类别，种类，类目
cater,"v. (for)提供饮食，承办酒席；(for,to)提供节目，满足需要，迎合"
cause,vt.导致，引起 n.原因，起因；理由，缘故；事业，（奋斗的）目标
caution,n.谨慎，慎重；警告 vt.警告，提醒
cautions,adj. (of)小心的，谨慎的
cease,v.停止，终止，结束
celebrate,v.庆祝；赞美
celebrity,n.名人，知名人士；名声，名望
ceremony,n.典礼，仪式；礼节，礼仪
certain,adj.确定的，肯定的；某，某些；轻微的，一点，一些
certainty,n.必然，确定，肯定； 必然的事，确定的事
certificate,n.证（明）书，执照
certify,vt.证明，证实；发证书（或执照）
decline,n.下降，减少；衰退，衰落；倾斜 v.拒绝，谢绝；下降，减少
decrease,v.减少，减小
deem,vt.认为；相信
dedicate,vt. (to)奉献；把...用在
deduce,vt.演绎，推论
deduct,vt. (from)减少，扣除；（演绎地）推论
fashion,n.方式，样子；流行式样，时尚，时装
fashionable,adj.流行的，时兴的，时髦的； 时髦人物使用的；（尤指）有钱人常光顾的
favor  favour,n.恩惠，善意的行动；好感，喜爱，偏爱 ，特殊照顾vt.喜爱，偏爱，赞同；支持，拥护；有利于
favourable,adj.赞许的，有利的
favo(u)rite,adj.最喜欢的，中意的 n.最喜爱的人或物
sit,v.坐，就座；(for)参加考试； 代人临时看小孩
site,n.位置，场所；遗址 vt.使坐落在；设置
situate,v.使位于，使坐落于；（常用作比喻）将…置于，使联系
situation,n.形势，状况；职位，职务，工作；位置，环境
skeleton,n.骨骼，骨架；框架；梗概，概要；（维持运作所需的）最少人员，最基本的服务等
skeptical,adj.怀疑的，无神论的
sketch,n.素描，速写；草图，略图；概述；纲要 v.画素描，画速写；概述，简述
必考词Unit22,
curious,adj.好奇的；稀奇的，奇特的
curiosity,n.好奇心
currency,n.通货，货币；通用，流通
current,n.电流；潮流，趋势 adj.当前的，现在的；通用的，流行的，被普遍接受的
cut,n.切口，伤口；击，抽，削 v.剪，切，割，砍，削；消减，删节
cumulative,adj.（在力量或重要性方面）聚积的，积累的，渐增的；累计的；累积的
average,n.平均数，平均；一般水平，中等水平 adj.平均的；平常的，普通的 vt.算出…的平均数；平均为（或得到、生产等）；平均分担
avoid,vt.回避，逃避，避免
awake,v.醒，觉醒；（希望等）被激起，被唤起；(to)意识到，认识到 adj.（一般作表语）醒着的；意识到的
award,vt.给予，授予（奖品等），奖励，判给 n.奖，奖品，奖状
aware,adj. (of)知道的，意识到的
awkward,adj.苯拙的，不灵活的； 棘手的，尴尬的；使用不便的
extravagant,adj.奢侈的，浪费的；过分的，过度的
extreme,adj.极度的，极端的 n.极端；最大程度；极度（状态）
invisible,adj.看不见的，无形的
invoke,v.援引，援用（法律、规则等）；（作为根据）提及，援引； 使产生，唤起，引起（感情或想象）；求助于（法律），行使（权利）
involve,vt.卷入，陷入，连累；包含，涉及
issue,vt.放出，流出；发行，发表，颁布 n.问题，争论点，争端；发行（物），（报刊）期号
item,n.一条，条款，项目 adv.（用于列举项目时）又，同样地
overturn,v.使某人（某物）翻转，颠倒；推翻，颠覆 n.倾覆，破灭，垮台，革命，毁灭
overwhelm,vt.征服，压倒，毁坏；使受不了，使不知所措
purchase,V.买，购买 n.购买；购买的物品
pursue,vt.追赶；追求；从事，忙于；继续；纠缠
pursuit,n. (of)追求，寻找；追赶，跟踪，追捕；职业，事业；爱好
puzzle,n.难题；智力玩具；谜，迷惑 v.使迷惑，使为难，使窘困
reverse,adj.相反的，颠倒的；倒退的；背面的，反面的 v.（使）颠倒 n.相反情况，对立面；反面，背部；逆转；厄运，挫折v.（使）颠倒，（使）倒转
review,vt.回顾，复习，复查；校阅，审核，写评论 n.回顾，复习；报告，述评；评论，评审，检查
revise,v.修订，校订，复核；修改，修正；（考试前）复习，温习
revive,v.苏醒；恢复，复原；复兴，重新流行
reward,n. （for）酬谢，赏金，奖赏； vt. （for）奖赏；酬谢，报答，奖酬
rich,adj.富的，有钱的；富饶的，肥沃的；（in）充足的，丰富的
rise,v.升起，上升；起立，起床；上涨，增高；起源，发生；起义，奋起 n.起源，发生；上涨，增高
risk,vt.冒...的风险 n.冒险，风险
rival,n.竞争者，对手，可以相比的人（物）；adj.竞争的 v.与...竞争，与...媲美，与...匹敌；对抗
role,n.角色；作用，任务
roll,v.滚动，滚落；卷，绕；（使）摇晃 n.一卷，卷形物，面包卷；滚动，打滚
root,"n.根，根部；根本，根源 vt.（使）生根,（使）扎根"
route,n.路线，路程；途径，渠道
routine,n.例行公事，常规 adj.例行的，常规的
row,n.吵闹，争吵
rule,v.统治，控制；支配；裁决 ，裁定n.规章，条例；习惯，通例；统治，管辖
ruler,n.统治者，支配者；尺，直尺
surname,n.姓
surpass,vt.超过，优于，强于，胜过
surplus,adj.过剩的，剩余的 n.过剩，剩余，盈余；顺差
surprise,n.诧异，惊异；令人吃惊的事物 v.使诧异，使惊异；突然而出乎意料的攻击 
survey,v.调查；对…做民意调查（或进行民意测验）；测量，测绘，勘测；俯视，眺望；纵览；全面考察，总体研究，审视；全面评述，概述 n.调查，民意调查，民意测验；测量，测绘，勘测；俯视，眺望；纵览； 全面考察，总体研究，审视；全面评述，概述
surveillance,n.（对犯罪嫌疑人等的）监视
survival,n.幸存，生存；残留下来的人（或物）
survive,v.幸存，幸免于；比…活得长； 从（困境中）中挺过来
susceptible,adj.易受影响的，敏感的； 多情的；善感的
suspend,v.吊，悬挂；推迟，暂停
suspect,vt.怀疑；推想，料想 n.嫌疑犯，被怀疑的人
suspicion,n.猜疑，怀疑
suspicious,adj.可疑的，有疑心的
sustain,vt.支撑，承受；忍受，经受住；保持，使持续
swarm,n.蜂群；一大群，一大批；（of）许多，大量 v.云集，充满
swear,v.宣誓，发誓；诅咒，咒骂
swell,v.膨胀，鼓起；上涨，增加，扩大
swing,n.秋千，荡秋千 v.摆动，摆荡v.摇摆；转动，转身；剧变，大变
switch,n.开关，电闸；改变，转变；转换；枝条，鞭子 v.改变；转换
必考词Unit23,
twist,v.捻，搓，绞，拧；曲解，歪曲 n.拧，捻，搓，绞；曲解，歪曲
trivial,adj.琐碎的，不重要的，无价值的
try,v.试图，努力，尝试；试用，试验；审讯，审理
tumble,v.跌倒，滚下；（价格等）暴跌，（权利、地位等）急剧下降；打滚，翻滚 n.摔倒，跌跤；暴跌，下降
turbulent,adj.骚乱的，动荡的，混乱的，狂暴的；（指空气或水）流动得猛烈而不稳定的
turn,v.移动，旋转；翻动，翻转；变得，变成 n.转动，旋转；翻转，转变；变化，转变；（依次轮流时各自的）一次机会
turnover,n.翻转（物），翻倒（物）；人员调整； 成交量，营业额；（资金等）周转
type,n.型，类型，风格；铅字，字体，字型 v.分型，定型，测定...的类型；打字
typical,adj. （of）典型的，有代表性的
voluntary,adj.自愿的，志愿的，义务的
volunteer,n.志愿者，志愿参加者 v.自愿（做），自愿提供
vote,n.投票，表决；选票，选票数 v.投票，表决
vulgar,adj.粗俗的，庸俗的，普通的
vulnerable,adj.易受攻击的，易受伤的，脆弱的
author,n.作者，创始人 v.写作，撰写，编写
authority,n.权力，威信，权威；权威者（人士）；有权威的典籍；当局，官方
auxiliary,adj.辅助的；附属的
avail,v.使用/利用某事物；有利于，有助于 n.（一般用于否定句或疑问句中）效用，利益，帮助
available,adj.（指物）有效的，可利用的；（指人）可会见的，可与之交谈的等
critic,n.批评者，批评家，评论家；爱挑剔的人
critical,adj.批评的，评论的；危急的，紧要的；临界的
criticism,n.批评，评论
criticize criticise,v.批评，评论
crucial,adj.决定性的，关键性的
culprit,n.罪犯；造成破坏（问题）的人； 问题的起因；困难的起源
cultivate,vt.耕作，栽培，养殖；培养，磨练，陶冶
culture,n.修养，教养；文化，文明
dubious,adj.引起怀疑的，不确定的；无把握的； 怀疑的，犹豫不决的；有问题的，靠不住的
due,adj.欠款的，应支付的；应给的，应得的；应有的，适当的； 预定的，约定的；期满的，到期的
durable,adj.耐用的；持久的
duration,n.期间，持续时间
duty,n.义务，责任；职务，职责；税
dynamic,"adj.动力的，电力的；有生气的，朝气蓬勃的 n. (of)（人或事物）互相作用的方式,动态；动力；力学"
extinct,adj.（火等）熄灭了的；（生命、希望等）消亡了的；灭绝的
extinguish,vt.熄灭，扑灭；使消亡，使破灭
introduce,vt.介绍；传入，引进
introduction,n.介绍；传入，引进；导言，导论，绪论
invest,vt.投资
investment,n.投资，投资额
investigate,v.调查，调查研究
mutual,adj.相互的，彼此的；共同的，公有的
mysterious,adj.神秘的，难以理解的，可疑的，不可思议的
mystery,n.神秘，神秘的事物，不可思议；侦探小说
myth,n.神话；虚构的故事（人或事）
noble,adj.高贵的，贵族的；高尚的 n.贵族
norm,n.标准，定量，定额；规范，行为标准
normal,adj.正规的，标准的；正常的，普通的
normalization/normalisation,n.正常化，标准化
note,n.记录，笔记；注释，评注；短信，便条；钞票，纸币 v.记下，摘下；指出，特别提到；注意，留意
notion,n.概念，想法，观点；意图
public,adj.公开的，公共的；平民的，大众的，百姓的 n.平民，百姓；志趣相同的群体
publication,n.公布，发表；出版，发行
publicity,n.公众的注意，名声；宣传，宣扬
publish,v.公布，发布；出版，刊印
result,n.结果，成果，成绩 v. (in)导致，结果是；(from)起因于，因...而造成
resultant,adj.作为结果而发生的，必然发生的；合成的
resume,v.（中断后）重新开始，继续；恢复，重新得到，重新使用
reveal,vt.显露，揭露；展现，显示
revelation,n.揭露，披露，泄露；被暴露的真相 ，被曝光的秘密；（上帝的）启示
revenge,n.报仇，复仇 v.报仇，复仇
revenue,n.财政收入，税收
supply,vt.供应，供给，满足（愿望），补足 n.供应，供应量
support,vt.支撑；支持，拥护；供养，维持n.支柱，支撑物；支撑，支持
suppose,vt.料想，猜想；假定，认为；让(祈使句)，使
suppress,vt.压制，镇压；禁止，查禁；抑制，阻止...的生长（或发展），忍住
supplement,n.增补，补充；增刊，副刊 vt.增补，补充
supreme,adj.最高的，至上的；最优的，卓越的；极度的，最重要的
system,n.系统，体系；制度，体制；身体
systematic(al),adj.有系统的，有规则的，有组织的
logic,n.逻辑学，逻辑性；推理方法
logical,adj.逻辑的，符合逻辑的
必考词Unit24,
project,v.放映，投射；投掷，发散；计划，规划；（使）伸出，（使）突出 n.计划，方案；工程，项目
profit,v.获利，得益，有益于 n.利润，收益，红利；利益，益处
profitable,adj.有利可图的，有益的
profound,adj.很深的；深刻的；渊博的，造诣深的
program/programme,n.节目，节目单；计划，议程；规划，纲要 vt.编制程序
progressive,adj.进步的，先进的；逐渐的，愈来愈严重的
prohibit,vt. (from)（以法令、规则等）禁止；妨碍
prolong,vt.延长，拉长，拖延
prominent,adj.突起的，凸起的；显著的，显眼的；杰出的，著名的
promise,vt.允许，允诺，答应；有...可能，预示 n.承诺，诺言；希望，出息
promising,adj.有希望的，有前途的
promote,adj.促进，增进；(to)提升，提拔
prompt,adj.敏捷的，迅速的；即时的，即付的 vt.促使，推动；引起，激起，导致
proof,n.证据，证明；校样，样张 adj.能抵御的，能经受得住的
reservation,n.保留，保留意见；预定，预订
reserve,vt.保留，储备；预订，订购 n.储备（物），储备量，储备金；保留用地，自然保护区
resist,v.抵抗，反抗；忍得住，抵制
resistance,n. (to)抵抗，反抗；抵抗力，阻力；电阻
resistant,adj.抵抗的，有抵抗力的
resilient,adj.可迅速恢复的，有适应力的；（物质）有弹性（或弹力）的，能复原的
resort,vi. (to)求助，凭借，诉诸 n.常去之地，胜地；求助对象；采用的手段（或方法）
resource,n.资源，财力；办法，智谋
respect,vt.尊敬，尊重 n.尊敬，尊重；敬意，问候
respective,adj.各自的，各个的
respond,vi.回答，答复；(to)响应
response,n.反应，响应；回答，回音
responsibility,n.责任，责任心；职责，任务
responsible,"adj. (for,to)应负责的，有责任的；可靠的，可信赖的； 责任重大的"
succeed,v.达到目的，成功，有作为；接替，继任，继承
success,n.成功，胜利，成名；成功的人（或事物）
successful,adj.达到目的的，有成效的， 获得成功的
succession,n.连续，一系列；接替，继承
successive,adj.连接的，连续的
successor,n.继承人，接替人
suck,v.吸，吮
sue,v.控告，起诉；请求，祈求
suffer,v. (from)受痛苦，受折磨；遭受，蒙受；忍受，忍耐
suffice,v.足够，有能力，使满足
sufficient,adj. (for)足够的，充分的
suggest,vt.建议，提出；使想起来，暗示
suggestion,n.建议，提议；联想，暗示
suicide,n.自杀，自杀案件
suit,vt.合适，适合；对...方便；中...的意 n.一套衣服；起诉，诉讼
suitable,adj. (for)合适的，适宜的
super,adj.极好的，超级的
superb,adj.极好的，一流的，杰出的，高质量的
superficial,adj.表面的；肤浅的
superfluous,adj.过多的，剩余的，多余的
superior,adj.优良的，卓越的；(to)较…多的，优于...的 n.上级，长官
superiority,n.优越，优势
supervise,v.监督，管理，指导
trigger,n.板机 vt.引发，引起，触发
triumph,n.胜利，非凡的成功，杰出的成就；（胜利或成功的）喜悦 ，狂喜v. (over)战胜
assure,vt.使确信，使放心；担保，保证
assurance,n.保证；把握，信心；（人寿）保险
astonish,vt.使惊讶
atmosphere,n.大气（层），空气；气氛；环境；大气压
council,n.理事会，委员会
counsel,n. 劝告，忠告 vt.劝告，忠告
drama,n.剧本，戏剧；戏剧性事件或场面
dramatic,adj.戏剧性的，剧烈的
exploit,n.英勇的或冒险的行为或事迹 vt.开发，幵采，开拓；利用；剥削
explore,vt.勘探，探测；探究，探讨，探索，调查研究
intellectual,n.知识分子 adj.知识的，智力的
intelligence,n.智力，聪明；理解力；情报，消息，报道
intelligent,adj.聪明的，明智的
intelligible,adj.可理解的，明白易懂的，清楚的
必考词Unit25,
rescue,vt.营救，救援，搭救n.营救，救援，搭救
research,n.研究，调查，探索；研究工作，学术研究 v.研究，调查，探讨
resent,vt.对....表示愤恨，怨恨
refresh,v.使恢复活力，使振作精神
refute,vt.驳斥，驳倒；否认...的正确性（或真实性）
region,n.地区，区域，范围
regular,adj.有规律的，有规则的，整齐的，匀称的
regulate,vt.管理，控制，为...制定规章；校准，调节
regulation,n.规则，规章，调节，调整，校准
replace,vt.放回；归还，赔还；代替，取代，更换
reply,vi.回答，答复，以...作答 n.回答，答复
report,n.报告 ，传阅 v.报告，汇报，报道
reporter,n.报告人，通讯员，记者，报道者
reputation,n.名声，声望
request,n.请求，要求 vt.请求，要求
require,vt.需要；要求，命令
requirement,n.要求，需要，需要的东西
assess,vt.估价，评论，评价
assimilate,v.同化，吸收，消化
assist,v.帮助，援助，协助
assistance,n.帮助，协助，援助
assistant,n.助手，助教
assume,vt.呈现，具有；承担，担任；假定，假设；假装，装出
assumption,n.假定，设想；采取，承担
contribute,v.捐（款等），捐献；投稿；贡献
contribution,n.贡献；捐献，捐赠物
controversial,adj.引起争论的，有争议的
controversy,n.争论，争辩
control,n.控制，支配；限制，管制 vt.控制，支配
convention,n.（正式）会议，（定期）大会；社会习俗，（对行为、态度等）约定俗成的认可；常规，惯例；公约，约定
converge,v.汇合，集中，聚会，汇集；趋同
convey,vt.运输，输送，传送，表达，传达
domain,n.（知识、活动的）领域，范围，领土，势力范围
domestic,adj.家庭的，家用的，家务的；国内的，本国的；驯养的
dominant,adj.支配的，统治的，占优势的
dominate,v.支配，统治；比...高，俯视；在...中占重要地位
doom,n.死亡，毁灭，厄运，劫数，注定vt.使...注定失败（或死亡）
double,adj.双的，双倍的 v.使加倍，翻一番
doubt,n.怀疑 v.怀疑
probe,v.探索，探查，调查 n.探索，探查；探针，探测器
procedure,n.程序，手续，步骤
proceed,vi.（尤指停顿或打断后）继续进行，进行，开展
proceeding,n.行动，进程，会议记录，公报，起诉，诉讼程序
process,n.过程，进程；工序，制作方法，加工方法 v.加工，处理
procession,n.队列，行列
proclaim,vt.宣告，宣布，声明；表明，显示
produce,vt.生产，制造；产生；引起，导致，提出，出示，拿出；上演，演出 n.产品，（尤指）农产品
product,n.产品，产物；乘积
production,n.生产，产量；产品，作品
productive,adj.能产的，多产的
productivity,n.生产率，生产力
profession,n.职业，自由职业；同业，同行
professional,adj.职业的，专业的；内行的，有经验的n.自由职业者，专业人员
expand,v.扩大，扩展，膨胀
expansion,n.扩张（物），膨胀（物）；张开，伸展
expect,v.预期，期望，指望
expectation,n.预期，期望，指望
experience,n.经验，经历 vt.体验，经历
experiment,n.试验 vi.进行试验
expert,n.专家，能手 adj.专门的，熟练的，有经验的
expertise,n.专门知识（或技能等），专长
expire,vi.满期，届期，（期限）终止，呼气，断气，死亡
instinct,n.本能，直觉，天性
institute,n.学会，协会，学院，研究院 vt.建立，设立，制定；开始，实行
institution,n.（公共）机构，团体，协会；制度，习俗，惯例；建立，制定
insurance,n.保险，保险费，保险业
insure,vt.保险，投保；保证，确保
integral,adj.构成整体所需的；完整的，整体的
integrate,v.（使）成为一体，（使）合并；（使）加入，融入群体；使完全，使完善
integrity,n.正直，诚实；完整，完全
必考词Unit26,
polish,v.擦光，擦亮；使完美，改进 n.擦亮剂，上光剂;光滑，光亮；完美，优雅
point,"n.要点，论点，观点;尖，尖端;点,小数点;条款，细目;分数，得分 v.（at，to）指，指向；（out）指出"
propel,vt.推进，推动;激励，驱使
proper,"adj.适合的,恰当的；合乎体统的,正当的;固有的，特有的；有礼貌的，正派的;本身的"
property,n.财产，资产，所有物;性质 特性
proportion,n.比例；部分，份儿；均衡，相称
proposal,n.提议，建议;求婚
propose,v.提议，建议;提名，推荐;常指(男子）求婚
proposition,n.主张，建议;陈述，命题
prospect,n.景色;前景，前途，展望
prospective,adj.预期的，未来的；可能的
protocol,n.礼仪，外交礼节；（国家之间的）条约，议定书；（数据传递的）协议；科学实验计划，医疗方案
proximate,adj.（常用于名词前）（时间、顺序等）最接近的，最临近的
restore,vt.恢复 修复，康复;归还 交还；使复位
restrain,v.抑制，遏制;限制，阻止
restraint,n.抑制，制止
restrict,vt.限制，约束
attach,v.系，贴，连接;使成为一部分，使附属，使依附；使喜爱，使依恋;认为有（重要性等）
attack,n.攻击，进攻，抨击;开始，着手v.袭击；（病）发作
attain,v.达到，获得;到达
attempt,v.试图n.企图，努力
attend,v.照料，看管;出席，参加（会议等）;伴随（某人/某物）
attention,n.注意（力），留心; 立正
attitude,n.态度，看法;姿势:
attribute,v.把……归因于，把（过错的责任等）归于;（to）认为...属于n.本性，特征
court,n.法院，法庭; 院子;球场V.讨好；（向女子）求爱，求婚;设法获得，企图得到;招致，酿成，导致
courtesy,n.谦恭有礼，有礼的举止（或）言辞;好意，恩惠
cover,"v.覆盖 遮蔽;包括，涉及;足以支付，够付;报道；给...保险；走完（一段路程）；占（多少面积） n.盖子,套子，覆盖物；保险"
create,vt.创造，创作;引起，造成;封（爵）
creative,adj.有创造力的，创造（性）的，创作的；
credit,n.信任，可信性;赞扬，荣誉，功劳;信用 ，信誉，赊购;学分 v.信任，相信；把……归于，认为...有（某种优点或成就等）
crisis,n.危机；紧要关头
drive,v.开（车），载送（某人）；驱赶，驱逐；把（钉、桩）打入
drug,n.药物；麻醉品 ，毒品v.下麻药
export,vt.输出，出口 n.出口商品
expose,vt.使暴露，受到;使曝光
exposure,n.暴露，揭露;受到，面临，遭受（危险或不快）
express,v.表达，表示 adj.特快的，快速的 n.快车，快运
expression,n.表达，表示;语句，措词;表情
extend,v.给予，提供;放大，扩大;延长，延伸
extension,n.延长，扩大，伸展；电话分机
extensive,adj.广大的，广阔的
extent,n.长度；范围；程度，限度
human,adj.人的，人类的；人，人类
humanity,n.人类；人性；人文科学（包括文学、艺术、历史、哲学等）
humble,adj.地位（或身份）低下的，卑贱的；谦虚的，谦逊的；低劣的，简陋的；恭顺的vt.使谦逊，羞辱;使...变得卑微
intend,vt.想要，打算，企图
intention,n.意图，意向，目的
intense,adj.强烈的，剧烈的;热烈的，热情的
intensity,n.强烈，剧烈;紧张
intensive,adj.加强的，集中的，深入细致的
interact,vi.相互作用，相互影响
intercourse,n.交际，往来
interest,n.兴趣，关心；重要性;利息:利益，利害 v.使发生兴趣，引起……的注意
interior,adj.内部的，里面的 n.内部，内地，内陆；内景
internal,adj.内部的，内的；国内的，内政的
international,adj.国际的，世界的
interpret,v.解释，说明；口译
lose,v.丢，丢失;迷失;输;（钟表）走慢
loss,n.丢失，遗失，丧失；损失，亏损
low,adj.低的，矮的；离地面近的;在底部的，近底部的;低于通常（或平均）数量（或水平、价值）的；低下的；次要的；低等的;虚弱的，沮丧的，消沉的的，无精打采的 adv.低；向下；不高;在靠近...底部的位置；向……底部；低声地，小声地n .低水平；低点；低数目；（一生或事业中的）艰难时期，低谷
lower,adj.较低的；下级的，下游的 v.降下，放低
lucrative,adj.赚大钱的，获利多的
nerve,n.神经;勇气，胆量
nervous,adj.紧张不安的，神经过敏的;神经的
nevertheless,conj.然而，尽管如此 adv.仍然，不过
