超纲词A,
abdicate,v.退位，逊位；失职，放弃（职责）
absolutely,adv.完全地；确实地；绝对地
absolutist,n.专制政体；（尤指被认为错误的）绝对主义，绝对论
academia,n.学术界
accessibility,n.易接近，可到达；学习资料利用率；可及性，可达性，可接入性
accountability,n.可说明性；应作解释；应负责任；管理责任；会计责任
accusation,n.控告，起诉，告发；谴责
adaptable,adj.有适应能力的，能适应的
adequately,adv.足够地；适当地
adherence,n.坚持；遵守，遵循
adjustment,n.（对机器、做事方法等的）调整，（对行为、思想等的）调整
admirable,adj.可钦佩的；值得赞赏的；令人羡慕的
adoptive,adj.收养的，有收养关系的
adornment,n.饰物，装饰品
advisory,adj.顾问的，咨询的，劝告的
affordable,adj.付得起的，买得起的
ageing,n.变老，苍老；变旧，老化 adj.变老的，老朽的；变旧的，老化的
aggressiveness,n.攻击性
agreed,adj.同意的，通过协议的 v.同意，赞成
alarmingly,adv.让人担忧地，惊人地
allegation,n.断言，宣称；指控
allot,v.分配，配给（时间、钱财等），分派（任务等）
amendment,n.（法律、文件的）改动，修正案，修改，修订；（美国宪法的）修正案
analyst,n.分析家，分解者
ancestry,n.祖先，世系
announcement,n.公告，布告，通告；宣布，宣告
antismoking,n./adv.禁止吸烟（的）
apparently,adv.显然；表面上地
applicant,n.申请人
appreciation,n.评价；感激
appreciative,adj.感激的，感谢的；欣赏的，赏识的
approachable,adj.平易近人的，友善的
archaeological,adj.考古学的，考古学上的
archaeologist,n.考古学家
aristocratic,adj.贵族的
arrangement,n.安排，筹备，安排方式，布置；商定，约定；整理，排列，布置
arrestee,n.被逮捕者，被拘留者
artefact,n.人工制品，手工艺品（尤指有历史或文化价值的）
ascribe,V.将…归因于，将…归属（于某人）
aspiration,n.渴望，抱负，志向
assertion,n.断言
assimilation,n.同化，同化作用
asteroid,n.小行星
attraction,n.爱慕，吸引，向往的地方，有吸引力的事/特征（或品质、人）
authorize,V.批准，授权
automobile,n.汽车
availability,n.可用性，有效性，实用性
awareness,n.知道，晓得
超纲词B,
banker,n.银行家
banking,n.银行业务；河堤
bans,n.结婚公告
beautify,v.美化，使更美丽
befriend,v.做（尤指需要帮助者）的朋友；友善对待
behavioral,adj.动作的
benefactor,n.施主，捐款人，赞助人
biased,adj.有偏见的，倾向性的，片面的； 偏重，偏向
biographer,n.传记作家
biological,adj.生物学（上）的
biologically,adv.生物学地
biologist,n.生物学家
biomedical,adj.生物医学的
biophilia,n.热爱生命（自然）的天性，人的求生本能
birthright,n.因生于某一家庭、国家等而享受 的权利，与生俱来的权利
blessing,n.幸事；同意，支持；祈福祷告 v.祝福，保佑
bodily,adj.人体的；具体的 adv.移动全身地；用力地；完全地
branding,n.品牌
breakthrough,n.突破性进展，重要的新发现
bribery,n.贿赂行为
briefly,adv.短暂地，暂时地；简短地，简要地
broadly,adv.广，宽
bureaucrat,n.官僚主义者，官僚
超纲词C,
cautiousness,adj.细心的，谨小慎微的，慎重的，警惕的
ceremonial,adj.礼仪的，礼节的，用于礼仪的 n.礼仪，礼节
characterization,n.（对人或事物的）特性描述，（戏剧、小说中的）人物性格的描述
childless,adj.无子女的
circulation,n.流通，传播，（血液等的）循环，（空气等的）流动；（报刊等的）发行，发售
citizenry,n.[总称]全体公民
citizenship,n.公民权利（或资格），公民身份（或义务）
claimant,n.要求者，索要者；（因失业等）领取救济金者
clamp,v.（用夹具）夹紧，夹住，固定；紧紧抓住，紧紧夹住，被抓住，被夹紧 n.夹具，夹子，夹钳
clearly,adv.显然地，无疑地；明确地，清楚地
clear-cut,adj.明显的，分明的，明确的
coexistence,n.共处，共存
collaborative,adj.合作的，协作的，协力完成的
commitment,n.托付，交托；承诺，保证
commonality,n.共有，公有；平民
commonly,adv.通常地，一般地，平凡地
comparatively,adv.对比地
compensatory,adj.补偿的，赔偿的，弥补的
competence,n.能力
complementary,adj.补充的，补足的
completely,adv.完整地，完全地，彻底地
complexity,n.复杂（性），错综（性）
composer,n.（尤指古典音乐的）创作者，作曲者，作曲家
composure,n.沉着，镇静，镇定
conceivably,adv.令人信服地，可相信地；想得到地
conditional,adj.附带条件的；亦....而定的n.条件句，条件从句
confirmation,n.证实；确认书，证明书；坚振礼（通常为16岁以上犹太年轻人举行的仪式）
congressional,adj.国家立法机关的，议会的
considerably,adv.相当，非常，颇
consideration,n.考虑，深思；体谅，照顾
considered,adj.经过深思熟虑的
considering,prep.conj.鉴于（某情况），考虑到（某事实）
conspire,v.密谋，图谋，阴谋；凑在一起致使，共同导致
constantly,adv.始终，一直，重复不断地
constitutional,adj.宪法的，有宪法权力的
constitutionality,n.符合宪法，合宪性
constraint,n.约束，限制；强迫，强制
consumer,n.消费者，消耗者
contemptuous,adj.蔑视的，鄙视的，表示轻蔑的
contention,n.争吵，争执，争论；（尤指争论时的）看法，观点
contextual,adj.上下文的，与上下文有关的，与语境相关的
continually,adv.频繁地，不断地
continuity,n.连续性，持续性；链接，联结；一致性，衔接
controllable,adj.可控制的
contributory,adj.促成的，促进的，起作用的
convincingly,adv.有说服力地，信服地
coordination,n.协调，配合
counterbalance,vt.使平均 n.平衡
corruption,n.腐败
courageous,adj.英勇的，勇敢的
courtship,n.求爱期，求爱，追求； （动物的）配偶；招商
creation,n.创造，创造物
credibility,n.可信性，可靠性
credible,adj.可信的，可靠的，可接受的
critique,n.评论，评论文章 v.写评论，对…发表评论，评判
crushingly,adv.（强调不好的特征）极其
cultivation,n.耕作，耕种
cultural,adj.教养的，文化的；种植的；培养的
cure-all,n.灵丹妙药
currently,adv.现在；通常地，普遍地；当前
curricula,n.课程
cute,adj.漂亮的，可爱的，小巧玲珑的
超纲词D,
dampen,v.弄湿，使潮湿；抑制，控制，减弱
dazzlingly,adv.灿烂地，耀眼地
dearth,n.缺乏，不足
deception,n.欺骗，蒙骗，诓骗；诡计，骗术，骗局
decoration,n.装饰品，装饰风格，装潢；勋章，奖章
defensible,adj.可辩解的，合乎情理的；有正当理由的， 可防御的，可守护的
degrade,v.降低…的身份，侮辱…的人格；（使）退化；降解；降低，削弱（尤指质量）
deliberately,adv.故意地；谨慎地
democrat,n.民主党人，民主主义者
demonstration,n.论证，证明；表示，表露
demoralization,n.堕落，道德败坏；士气低落
dependency,n.（尤指不正常或不必要的）依靠，依赖； 附属国，附属地
designer,n.设计者，构思者 adj.[只用于名词前]由著名设计师设计的，名牌的
developer,n.（房地产）开发商，开发公司；开发者； 显影剂，显色剂
development,n.生长，进化，发展
dimensional,adj. ＜物＞量纲的； ＜数＞因次的，维的
diplomacy,n.外交，外交技巧，（处理人际关系的）手腕，手段，策略
disapproval,n.不赞成，不喜欢
disbelief,n.不信，怀疑
disciplinary,adj.有关纪律的，执行纪律的，惩戒性的
disconnect,vt.使分离，分幵，断幵
discontinue,vt.停止，中断，停产
discussion,n.讨论，商论，谈论
dishonor,n.不名誉，丢脸 vt.使丢脸，使受耻辱
disposable,adj.—次性的；可动用的，可自由支配的
disregard,vt.对…置之不理的 n.忽视
disruptive,adj.引起混乱的，扰乱性的，破坏性的
dissatisfaction,n.不满，令人不满的事物
distinctly,adv.明显地，无疑地，确实地
distribution,n.分配，分发，配给物
diversity,n.差异，多样性
doctoral,adj.博士的，博士学位的
dominance,n.优势；统治地位
doubtful,adj.不确定，怀疑，难说，不太可能
doubtless,adv.大概；几乎肯定地
download,V.下载 n.已下载的数据
downside,adj.下侧的；有下降趋势的 n.不利
dramatically,adv.戏剧性地；引人注目地
duplication,n.复制，复写；成倍，成双
dweller,n.居住者，居民
超纲词E,
eagerness,n.渴望；热心，热切
economist,n.经济学者，经济家
electronics,n.电子学
educator,n.教育工作者
effectively,adv.有效地，生效地；实际上
egregiously,adv.极其严重地，极坏地
election,n.选举，当选
elevation,n.提拔，晋级，提升；（某地方的）高度，（尤指）海拔； （建筑物）立面，立面图，立视图
embarrassment,n.害羞，窘迫，愧疚，困境；令人为难（或难堪、尴尬）的人
embodiment,n.（体现一种思想或品质的）典型，化身
emigration,n.迁移出镜，迁出，移民
emotional,adj.感情（上）的；（易）激动的
enact,v.扮演，担任...的角色； 发生，进行；通过（法律）
enforcement,n.执行
engrave,v.在...上雕刻（字或图案）
enrage,v.使异常愤怒，激怒，触怒
enthusiastically,adv.热心地，满腔热情地
entitlement,n.（拥有某物或做某事的）权利，资格
enviable,adj.令人羡慕的
environmental,adj.环境的，有关环境的
envision,vt.想象，展望
equally,adv.公平地，平均地，同样地
eradicate,v.根除，消灭，杜绝
essentially,adv.实质上，本来
ethical,adj.伦理的，道德的
ethically,adv.伦理上
ethnicity,n.种族渊源，种族特点
everlasting,adj.永久的，永恒的；冗长的，经久不变的，持续过长的，重复太多的
evolutionary,adj.进化的
exactly,adv.确切地，精确地；完全地
excavation,n.（对古物的）发掘，挖掘，发掘现场
excellence,n.优秀，杰出，卓越
excessively,adv.过高地
exclusionary,adj.排斥（性）的，排除在外的
explicatory,adj.解说的，说明的
explicitly,adv.明白地，明确地
exploitation,n.幵发，幵采；剥削，利用
exploration,n.勘查，探测，探索
extraction,n.提取，提炼，拔出，幵采；有...血统，族裔
extraordinarily,adv.非常，格外地，非凡地
超纲词F,
fad,n. 一时的风尚，短暂的狂热
fairness,n.公正，公平
falsehood,n.虚假，说谎，不实之词，谎言
fearsome,adj.很可怕的，十分吓人的
feverish,adj.激动的，焦虑不安的；发烧的，发烧引起的
financially,adv.财政上，金融上
flagship,n.旗舰；（某组织机构的）最重要的产品，最佳服务项目，主建筑物，王牌
flexibility,n.适应性；灵活性；弹性
flexibly,adv.易曲地；灵活地
foe,n.敌人
foreseeable,adj.可预料的，可预见的，可预知的
foresight,n.深谋远虑，先见之明
foresighted,adj.深谋远虑的，有先见之明的
fortnightly,adj.两星期一次的
founder,n.创始人，奠基人
framer,n.制定者，创造者，组成者
frequently,adv.频繁地，屡次地
fulfillment,n.完成，履行；实现；成就（感）
fully,adv.充分地，足够地
functional,adj.职务上的；在起作用的
fundamentally,adv.根本上，完全地，基本上
funding,n.基金，资金
futurologist,n.未来学家
超纲词G,
gatekeeper,n.看门人，守门人，门卫
generally,adv.通常，一般地
generative,adj.有生产力的，能生产的，有生殖力的
genetically,adv.从基因方面，从遗传学角度
geneticist,n.遗传学家
genome,n.基因组，染色体组
geographic,adj.地理学的，地理的
glamorous,adj.特别富有魅力的，富有刺激的，独特的
gloominess,n.黑暗，沮丧
glowingly,adv.热烈赞扬地，热情洋溢地
granny,n.奶奶，姥姥
gratification,n.满足，满意；喜悦
groom,n.新郎；马夫 vt.给（动物）梳毛刷洗；培训
guardianship,n.监护权
guarding,vt.守卫，护卫，保护，看守 n.（一队）卫兵
超纲词H,
habitually,adv.习惯地，日常地
hardline,adj.（政策或态度）强硬的，不妥协的，坚定的
harmful,adj.有害的
headhunter,n.猎头者（专门负责延揽人才）；猎头部落成员（收集所杀着的人头）
heavily,adv.沉重地；郁闷地；浓密地，繁茂地
hierarchical,adj.按等级划分的，等级制度的
hindrance,n.造成妨碍的人（或事物），妨碍，阻撓
holistic,adj.整体的，全面的；（医）功能整体性的
homeless,adj.无家可归的
hominid,n.［术］人科动物
hopefully,adv.怀希望地，抱希望地
horrify,v.惊吓，使厌恶，恐吓
hostility,n.敌意，敌视
hugely,adv.巨大地；非常地
hunter,n.猎人，猎手
超纲词I,
idealism,n.理想主义，唯心主义，唯心论，观念论，理念论
idealize,v.将…视为理想，将…理想化
ideological,adj.思想上的，思想体系的，意识形态的
illegally,adv.违章地，非法地
illiberal,adj.不容言论自由（或行动）的，不幵朗的
immigration,n.移居（入境），移民人数，移民检查站
immoral,adj.不道德的，邪恶的；放荡的，淫荡的
immunity,n.免疫力，受保护，豁免，免除
impartial,adj.公正的，无偏见的
impel,v.驱使，驱策，迫使
impinging,"adj.碰撞的,撞击的；侵犯的；有影响的"
impossibility,n.几乎不可能，无法
impoverished,adj.穷困的，赤贫的
impractical,adj.不切实际的，无用的，不现实的
imprison,vt.监禁，关押
improbable,adj.不大可能的，未必会发生的
improper,adj.不合适的，不适当的
impulsive,adj.凭冲动行事的，易冲动的
inability,n.无能，无力，不能
inaccuracy,n.不精确
inaccurate,adj.错误的，不准确的
inadequacy,n.不完全，不充分
inadequate,adj.不充分的；不适当的；不够格的，不能胜任的
inappropriate,adj.不适当的
inarticulate,adj.不善于表达的，不善于说话的，词不达意的，表达得不清楚的
inborn,adj.天生的，天赋的
inbuilt,adj.内置的
incite,vt.煽动，唆使，刺激，激起
inclination,n.（性格上的）倾向，爱好，趋向
incompatible,adj.不相容的，矛盾的
incompetent,adj.不胜任的 n.无能力者
incompetently,adv.不胜任地；无能力地
incomplete,adj.不完全的，未完成的
inconclusive,adj.非决定性的，不确定的
incorrectly,adv.错误地
indecisive,adj.犹豫不决的，踌躇的
indefensible,adj.（道德上）无可辩解的，不能原谅的；无法防守的
indefinitely,adv.不定地，不明确地，模糊地
independently,adv.独立地；无关地
Indian,n.印度人；（非因纽特人或米提人的）加拿大土著，加拿大印第安人
indicator,n.指示者，指示物
indictment,n.（制度、社会等的）衰败迹象；刑事起诉书，公诉书；控告，起诉
independence,n.不关心，冷漠
indirect,adj.间接的，迂回的，拐弯抹角的
indirectly,adv.间接地，迂回地，拐弯抹角地
indulgence,n.沉溺，放纵，纵容；嗜好，爱好；享受；宽容，包涵
indulgent,adj.纵容的，放纵的；宽容的，过于宽厚的
industrialization,n.工业化
inedible,adj.不可食用的，不适合食用的
ineffective,adj.无效率的，无能的
ineffectual,adj.无效果的，徒劳无益的
inefficient,adj.无效率的，无能的，不称职的
inequality,n.不均等，不平等，不平衡
inescapably,n.逃不掉地
inevitably,adv.不可避免地
inexorable,adj.不可阻挡的，无法改变的
inexpressible,adj.难以言传的，无法形容的
infancy,n.婴儿期，幼儿；初期，未发达状态
infection,n.传染（病），感染；影响
inferiority,n.低等，劣等，劣势
infest,v.（尤指昆虫或老鼠之类的动物）大量滋生，大批出没于
infirm,adj.（身体上）虚弱的，（心理上）脆弱的
inflate,v.使充气，使膨胀
info,n. （口）消息；资料
informal,adj.非正式的（言行），轻松随意的，非正规的，休闲的
informality,n.非正式；不拘礼节
infringement,n.违反，侵犯，伤害
ingenuity,n.心灵手巧，足智多谋；独创性
inherently,adv.天性地，固有地
inherited,adj.继承的，通过继承取得的
inheritor,n.后继者，继承人，遗产继承人
inhuman,adj.冷酷无情的，非人的，（似非人所为而）恐怖的
initially,adv.最初，幵头
initiation,n.（长指通过特别仪式的）入会；介绍某人初试某活动（或技艺）； 开始，创始，发起
initiator,n.发起人，创始人
injurious,adj.有害的
innate,adj.与生俱来的，天生的，固有的
innermost,adj.最深处的，最内部的
innovative,adj.创新的
innovator,n.改革者，革新者
inquire,v.询问，查询，打听，调查，查究
insatiable,adj.无法满足的，贪得无厌的
insecurity,n.不安全，不安全感
insensitive,adj.感觉迟钝的
insensitivity,n.无感觉，感觉迟钝，不灵敏
insider,n.内部的人，知情者
insidious,adj.阴险的，狡诈的
insightful,adj.有深刻了解的，富有洞察力的
insignificant,adj.小的，无足轻重的
insistence,n.坚决要求，坚持，固执
inspection,n.视察，检查，查看，审视
istantaneously,adv.即刻；突如其来地
instantly,adv.立刻，立即，马上
instill,v.徐徐滴入；逐渐灌溉
institutional,adj.制度的；习惯的
instrumentalist,n.乐器演奏者
insufficient,adj.不充分的；不适合的；不胜任的
intangible,adj.难以捉摸的，难以确定的
integration,n.综合
intellect,n.智力
intellectualism,n.智力活动；才智主义
intellectualize,v.使有理智；推理
intensely,adv.强烈地；紧张地；认真地
intensify,v.加强，增强；使变激烈
intentionally,adv.有意地，故意地
intently,adv.专心地，专注地；热切地，热心地
interaction,n.相互作用
interactive,adj.相互作用的
intermarriage,n.联姻，异族结婚
interpersonal,adj.人际关系的，人际的
interplay,n.相互影响（或作用）
interpretation,n.解释，阐明；口译
interprovincial,adj.省际的
intervention,n.介入，插入，干预，调停
interviewee,n.参加面试者；接受采访者
interviewer,n.主持面试者；采访者
intimately,adv.熟悉地，亲密地；私下地，秘密地
intranet,n.企业内部互联网
introductory,adj.介绍的；准备的
intrusion,n.打扰，侵扰
intuitive,adj.直觉的，有直觉力的
intuitively,adv.有直觉力地
invalidate,V.证明…错误，使站不住脚，使无效，使作废
inventiveness,n.有发明创造能力，独创性
inventor,n.发明者，发明家，创造者
investigation,n.研究；调查
investor,n.投资者，出资者
involuntarily,adv.非自愿地；无意地，偶然地
involvement,n.参与，加入；耗费时间，投入，沉迷；恋爱，性爱
ion,n.离子
ironic,adj.挖苦的，具有讽刺意味的；出乎意料的
ironically,adj.说反话地，讽刺地
irrational,adj.不合理的，不明事理的；荒谬的
irregular,adj.不规则的，无规律的；不稳定的
irrelevant,adj.不相关的
irrepressible,adj.情绪高涨的，劲头十足的；十分强烈的；无法控制的；难以遏制的
irreproducibility,n.［经］非再生性
irresponsibility,n.不承担责任，无责任感
irrigation,n.灌溉，冲洗
isolation,n.隔离，孤立，脱离
Italy,n.意大利
超纲词J,
jerk,v.急拉，猛推，猝然一动 n.急拉，猛推；蠢人，傻瓜，苯蛋
jobless,adj.无工作的；失业的
jobseeker,n.求职者
jokingly,adv.打趣地，幵玩笑地
journalism,n.新闻工作，新闻业
journalistic,adj.新闻业的，新闻工作（者）的
joyfully,adv.喜悦地，高兴地
judiciary,n.（统称）审判人员；司法部；司法系统
juggle,n.歪曲，篡改；玩杂耍，变戏法
超纲词K,
keyword,n.关键词
kinship,n.亲属关系，家属关系
knowledgeable,adj.博学的，有见识的
超纲词L,
landmark,n.里程碑，划时代的事
latest,adj.最近的
lawmaker,n.立法者
leader,n.领导者
leakage,n.泄漏量，漏损量；泄漏，渗漏
legally,adv.法律上，合法地
legislative,adj.立法的；根据法律执行的
legislature,n.立法机关
legitimacy,n.合法性；合理性；正当；正统；正确
lender,n.贷方，出借人
lengthy,adj.很长的，漫长的；冗长的
leniency,n.仁慈；宽大
lenient,adj.宽大的；仁慈的
leverage,n.影响力；杠杆作用，杠杆效力
liberalize,v.使自由化；放宽对...的限制
lifelike,adj.栩栩如生的
lifestyle,n.生活方式
light-hearted,adj.轻松愉快的，无忧无虑的
liken,v.比作，就像
limbic,adj.边的
lineage,n.后裔；家系，世系
linguist,n.语言学家
lining,n.衬里，内衬，衬层
listener,n.收听者，听众
literate,adj.有读写能力的，有文化的
liveliness,n.充满活力的，愉快，热烈
lockout,n.关闭工厂，停工
logicality,n.逻辑性
logo,n.标识，商标
longline,n.多钩长线
longstanding,adj.长期存在的；由来已久的
loser,n.失败者；遗失者
low-cost,adj.廉价的
low-density,adj.低密度的
low-level,adj.低水平的，低级别的
超纲词M,
mainly,adv.主要地，大部分地
majestic,adj.雄伟的；威严的；壮观的
male-dominated,adj.男权的
malpractice,n.渎职，玩忽职守
marginalize,v.使显得微不足道；使处于边缘；使无实权
markedly,adv.引人注目地，显著地
matchmaker,n.媒人，牵线搭桥的人，红娘
materialism,n.唯物论，唯物主义
materialistic,adj.唯物论的，唯物主义的
maturity,n.成熟，完善
maximize,v.增加到最大限度
meaningful,adj.严肃的；重要的，重大的；意义深长的，意在言外的；意外明显的，易于理解的
meaningfully,adv.意味深长地，有意义地
meaningless,adj.无意义的，无目的的
measurable,adj.可测量的
mechanistic,adj.机械论学说的，机械论的
medication,n.药物治疗，药物处理，药物
mediocrity,n.平常，平庸的人
megalith,n.（尤指古代用于祭祀的）巨石
memorize,v.记住，背熟
mentally,adv.心理上，精神上
mercilessly,adv.无情地，残忍地
merger,n.合并，归并
metallurgy,n.冶金术，冶金学
metaphysical,adj.玄学的，形而上学的
methodology,n.方法学，方法论
Mexican,adj.墨西哥的 n.墨西哥人
microbiologist,n.微生物学家
microprocessor,n.微处理机
migration,n.移民；移动
mildly,adv.温和地，和善地；略微地；适度地
militantly,adv.好战地，好斗地，强硬地
millennial,adj.一千年的，千禧年的
millennium,n.千年，（未来的）太平盛世
mindlessly,adv.不用脑子地，不费心思地
mindset,n.观念模式；思维倾向
miniaturization,n.小型化，微型化
minimal,adj.极小的；极少的；最小的
mining,n.采矿；采矿业
mischievous,adj.顽皮的，招惹是非的；恶意的
misconception,n.错误认识，误解
misdeed,n.不端行为，罪行
misguide,v.对…指导错误，把…引入歧途
misguided,adj.误入歧途的
misinformation,n.误报，误传
misinterpret,v.误解，误释
misinterpretation,n.误解，曲解
misplace,v.随意搁置，乱放（而一时找不到）
mistrust,v.不信任，不相信，怀疑
misuse,n./vt.误用；滥用
mobility,n.可动性，机动性，流动性
modestly,adv.谦虚地，审慎地
modesty,n.谦逊，虚心
modification,n.修改，改变；缓和，减轻
molecular,adj.分子的，由分子组成的
momentarily,adv.短暂地，临时地，立刻
monarchy,n.君主制；君主政体；君主国
monopolize,v.垄断，独占
morphine,n.吗啡
mortality,n.死亡数，死亡率
motivation,n.动力；诱因；刺激；动机
mouthpiece,n.（电话的）话筒；（乐器的）吹口；喉舌；代言人；发言人
multimedia,n./adj.多媒体（的）
multinational,adj.多国的；n.跨国公司
mundane,adj.平凡的；单调的；现世的，世俗的
municipality,n.自治区，自治市（镇等）
mutability,n.易变性，性情不定
mutually,adv.互相，彼此
mythical,adj.虚构的，神话般的
超纲词N,
narrowly,adv.狭窄地；严密地；仔细地
nationally,adv.在全国范围内，全国性地
nationwide,adj.全球范围的，全国性的
native-born,adj. 土著的，土生土长的
naturalist,n.自然主义者，自然主义作家
naturally,adv.天生地，自然地
neatly,adv.整洁地，干净地
necessarily,adv.必然地；不可避免地
needlessly,adv.不必要地，无用地
negatively,adv.否定地；消极地；取消地
negligence,n.粗心；疏忽行为；不修边幅
neural,adj.神经的，神经系统的
neuroscientist,n.神经病学专家
neurologist,n.神经病学家，神经科医生
neurology,n.神经学，神经病学
newly,adv.新近，最近
newsletter,n.简讯，时事通讯
newsprint,n.新闻纸，白报纸
newsroom,n.编辑部；阅览室
news-stand,n.书报摊，报刊亭
nightfall,n.黄昏，傍晚，日暮
nobility,n.贵族；高贵的品质
noisily,adv.吵闹地
noisiness,n.吵闹，喧哗
nonconformist,n.不顺从一般公认信念、习惯的人
non-materialistic,adj.非唯物论（主义）的
non-standard,adj.非标准的
nonverbal,adj.不用动词的，不用语言的
normally,adv.通常，按惯例
notably,adv.显著地，明显地
noteworthy,adj.显著的，值得注意的
notification,n.通知，通告
nutrient,adj.营养的，滋养的
超纲词O,
objectionable,adj.引起反对的，讨厌的
objectivity,n.客观性
observable,adj.能看得到的；能察觉到的
observer,n.观测者，观察员
obsess,v .迷住，使着迷，缠住
obsessed,adj.受困扰的；对…痴迷的
obtainable,adj.能得到的
obviously,adv.明显地，显然地
oceanic,adj.海洋的，海洋中所有的
offline,adj.不连接到电脑线上的，脱机的
off-the-cuff,adj.即席的
oncogene,n.致癌基因
onerous,adj.费力的；艰巨的，令人焦虑的
one-shot,adj.只有一次的
online,adj.联机的，在线的，联网的
onward,adv.向前，在前面
open-access,n.（图书馆）开架阅览
openly,adv.公幵地，公然地；坦率地
operative,adv.操作的；运行着的；有效的
opposition,n.反对，意见相反
oppression,n.压抑；压迫；沉闷
optimism,n.乐观主义，乐观
orchestral,adj.管弦乐的，管弦乐队的
orchestrate,v.编配（或创作管弦乐曲）；精心安排；策划；密谋
organizational,adj.组织（上）的；编织（中）的
originally,adv.起初，原来；独创地，新颖地
ornate,adj.华美的；富丽的；豪华的
outcry,n.喊叫，呐喊，强烈的抗议（或反对）
outdate,vt.使过时
outlive,v.比...活得长，比...久
outsider,n.外人，门外汉，局外人
outsize,adj.较大的，超过一般型号的
outweigh,vt.比…更重要（或更有价值），比…重
out-of-town,adj.城外的；城郊的；外来的
ovary,n.卵巢；子房
overbid,v.在出价（或报价）上战胜，出价较…为高
overburden,v.使装载过多，使负担过重，使过于劳累
overcharge,v.多收（某人的）钱
overdue,adj.到期未付的，未做的，未还的；过期的；早该发生的；早应完成的
overestimate,v.对…评价过高，对…估计过高
overfish,v.对（鱼场或某些鱼）进行过度捕捞
overly,adv.很，十分，过于
overrate,v.过高估计
overrule,v.统治，支配；对…施加影响；否决， 驳回，宣布…无效；拒绝
overshadow,v.给…投上阴影，遮暗
oversize,adj.特大的
overstate,v.夸大，夸张，言过其实
overstep,v.超越（正常或允许的）范围；越权；僭越
over-the-counter,adj.店面交易的；（药等）不需医师处方而卖的
overvalue,v.估计过高，过于重视
overwhelmingly,adv.压倒地；无法抵抗地
overwork,v.（使）过度劳累，过分努力 n.劳累过度，过分辛苦
超纲词P,
pathological,adj.病理学的，病理上的，病态的
pathway,n.路，小径，人行道
patronage,n.惠顾，光顾；资助，赞助
patronize,v.光顾，惠顾
paycheck,n.付薪水的支票，薪金，工资
peculiarity,n.特性，特色
penalize,v.使不利，对…不公平；（竞赛中）处罚
perception,n.洞察力，理解力，知觉
perceptive,adj.理解力强的，有洞察力的； 视觉的，听觉的，感觉的
perceptual,adj.知觉的，有知觉的
perfectly,adv.完全地，非常，十分； 完美的，美好的，圆满地
performative,adj.与行动作为有关联的
performer,n.表演者，演出者；表现得…者
periodically,adv.定期地
permissive,adj.许可的，宽容的
perpetuate,v.使永久存在，使不朽
perpetuity,n.永远，永存，不灭
persistence,n.坚持，契而不舍；持续存在，维持
persistent,adj.坚持不懈的，固执的，持续的
persistently,adv.持续地
persuasive,adj.劝说的，劝诱的；有说服力的
pervasive,adj.弥漫的；渗透的；普遍的
petal,n.花瓣
pharaoh,n.法老
pharmaceutical,adj.制药的；药的
philharmonic,adj.（用于乐队、音乐团体等名称中）爱好音乐的
philosophical,adj.哲学的；达观的，处乱不惊的
phony,n.贋品，骗人的东西 adj.假的，欺骗的
phrasing,n.措辞，用语；乐句划分法，分句法
physically,adv.身体上，肉体上； 依据自然法律，根本上
physique,n.体格；体形
pinpoint,v.明确指出；准确解释 adj.准确的；精确的；n.极小的范围；光点
player,n.游戏者，运动员，参赛选手；演奏者； 竞争者；播放机
playgoer,n.爱看戏的人，戏迷
poach,v.煮，炖，煨；偷猎；盗用；挖走（人员等）
pocketbook,n.（个人或国家的）财政状况，财力；记事本，小笔记本
pointless,adj.无意义的，无目标的；不值得做的
polarize,v.使两极化，截然对立；使光波等偏振；使物体极化
potash,n.钾碱，草碱
potentially,adv.潜在地
pottery,n.陶器制造术，陶器
powerfully,adv.有影响力地，强有力地
powerless,adj.无影响力的，无权的，无能为力的
practicality,n.可行性，适用性；实事求是
precisely,adv.准确地，恰好地，精确地；细心地；正是，确实
preconception,n.预料，先人之见；偏见
predator,n.捕食性动物；剥削者，掠夺者
predatory,adj.（动物）捕食性的；欺负弱小的
predictable,adj.可预见的，意料之中的
predictably,adv.意料中地
prediction,n.预言，猜测，预告
predominantly,adv.主要地，多数情况下
prefrontal,adj.前额的
prehistoric,adj.文字记载的，历史以前的，史前的
preoccupation,n.盘算，思虑，长久思考的事情；心事重重，忧心忡忡
prerequisite,n.先决条件，前提
presumptuous,adj.放肆的，冒昧的，专横的
presuppose,v.姑且认为；假设；以…为前提；依…而定
prevention,n.预防，防止，防范
previously,adv.早先，先前
prewar,adj.战前的
priestly,adj.神职人员的；像神职人员的
primarily,adv.主要地，根本地
principally,adv.主要地
printer,n.打印机；印刷商，印刷工人；印刷公司，印刷厂
probably,adv.几乎肯定，很可能
processor,n.加工机（或工人）；处理器，处理机
procreation,n.生产；生殖
prod,n.刺，戳；刺的东西；刺针；尖棒 v.刺，戳；刺激；敦促；惹起
producer,n.生产商；产地；制片人；监制人，制作人，制作公司
professionalise,v.使专业化，使职业化
professionalism,n.专业水平；专业素质；高超能力，专长；职业化
professorship,n.教授的级别（或职位）等
proficient,adj.熟练的，精通的；训练有素的
profit-making,adj.有利可图的，营利的
profoundly,adv.极大地；深刻地；严重地；完全地
progression,n.发展，前进，进程
prohibition,n.禁止，阻止；禁令；禁律
projection,n.预测，推断；投射，放映，投影
promoter,n.筹办人，发起人，赞助者，倡导者，支持者
promotion,n.提升，晋升，晋级，升级；促销活动，广告宣传
promotional,adj.增进的；奖励的；促销的
pronouncement,n.声明；公告；宣告
properly,adv.正确地，适当地；得体地，恰当地，符合习俗地；真正地，实际上
proportionality,n.（行动、处罚等的）相称原则，恰当性
prosecutor,n.起诉人；检察官 
protection,n.保护，防卫；保护物，护身符；保险；贸易保护，关税保护制；保护费
proudly,adv.得意地，自豪地；雄伟地，壮观地，高大地
proverb,n.谚语，格言
provider,n.供应人，提供者，供养人
provincial,adj.省的，一级行政区的；首都之外的；心胸狭隘的；守旧的；n.乡巴佬，外乡人
provincialism,n.胸襟狭隘；陈腐态度；排外主义
provocative,adj.挑衅的，煽动性的；激起争端的；引诱的；激起性欲的
psychedelic,adj.幻觉的；迷幻药的
psychiatrist,n.精神病医师，精神病学家
psychoactive,adj.（药物）对心理或精神有显著影响的
psychological,adj.心理学的，心理学家的；心理的，精神的
psychologist,n.心理学家
public,adj.阴部的
publicize,v.宣传，公布，广告
publisher,n.出版人（或机构），发行人（或机构）
punctuation,n.标点法；标点
purely,adv.仅仅，完全
puritan,n.禁欲者，苦行者，清教徒 adj.清教徒的，清教主义的，禁欲的，苦行的
超纲词Q,
quadruple,adj.四倍的，四重的，四部组成的 v.使成四倍
questionable,adj.可疑的；有问题的；未必准确的；可能不诚实的；别有用心的
quick-witted,adj.机敏的
quirk,n.突然的转变；奇事；巧合；怪癖
超纲词R,
radiation,n.发光；发热；辐射；发射；传播
randomly,adv.任意地；随便地；胡乱地
rapidly,adv.迅速地；很快地
rationalization,n.合理化
reactor,n.反应者；反应堆
readmit,vt.重新接纳（会员等）
reaffirm,v.重申
rebuild,"v. （rebuilt,rebuilt）重建，重组；使恢复"
receptor,n.感觉器官，感受体；受话器；收报机
recitation,n.背诵，朗诵，当众吟诵
recklessly,adv.不在乎地，鲁莽地，不顾一切地
reclassify,v.重新分类
recommendation,n.正式建议，提议；推荐，介绍；推荐信，求职介绍信
reconsider,v.重新考虑，重新审议
reconstruct,v.修复；重建，重造；重新描述；使重现
reconstruction,n.重建，改造；复原，修理
recruiter,n.招募者，招聘人员
redundancy,n.过多，多余，冗余，重复
redefine,v.改变…的木质（或界限）重新定义，使重新考虑
refutation,n.辩驳，反驳，驳斥
regain,v.重新获得，恢复（能力或品质等）；回到（原位），返回
regrettably,adv.抱歉地；遗憾地；可悲地
regularity,n.规律性，经常性；有规则的东西/事物；匀称，端正，有规律的分布
regulator,n.（某行业等的）监管者，监管机构；（速度、温度、压力的）自动调节器
regulatory,adj.（对工商业）具有监管权的，监管的
relatively,adj.相当程度上；相当地；相对地
remarry,v.再婚
re-evaluate,v.重新考虑；再评价，再评估
remould  remold,v.更新，改变（想法、系统等）
renege,v.违背（诺言）；背信弃义；食言
renewable,adj.可更新的；可再生的；可恢复的；可延长有效期的；可展望的；可续订的
renown,n.名声，声望
renowned,adj.有名的，闻名的；受尊敬的
reorder,v.再订购，追加订购
replaceable,adj.可替换的，可代替的
reportorial,adj.记者的；报告（般）的
repository,n.容器；贮藏处；宝库
representation,n.代表，代表权；表示
representational,adj.具象派的；代表性的
reproducibility,n.可再生性；可再制性；重复能力
reproductive,adj.生殖的；再生的；再现的
resentment,n.愤怒，忿怒，怨恨
reshape,v.改变…的形状；重塑，改组
resignation,n.辞职；放弃；听任，顺从，屈从
respectable,adj.体面的，得体的；值得尊敬的； 相当好的；不丢面子的
restoration,n.恢复，复位，复辟；归还，交还
restriction,n.限制规定，限制法规；限制；约束
restrictive,adj.限制性的，约束的
retailer,n.零售商，零售店
retrieval,n.取回，索回；数据检索
reviewer,n.评论家；评论撰写者；检查者，审查者
revision,n.修订，校订，修正
revitalize revitalise,v.使新生，使恢复元气，使有新的活力
revival,n.苏醒，复活，再生，恢复
richness,n.丰富；富饶；浓烈
righteous,adj.公正的，正直的，正当的
rightly,adv.正当地；理由充分地；正确地；恰当地；精确地
rinse,v.（用清水）冲洗，洗涮，漂洗，清洗 n.漂洗，冲洗，洗刷
risky,adj.有危险（或风险）的
robotics,n.（用作单数）机器人学，机器人技术
rosy,adj.粉红色的，红润的；美好的，乐观的
roughly,adv.大约，大致，差不多；粗暴地，粗鲁地；粗糙地；凹凸不平地
routinely,adv.日常地，通常地；例行公事地
rubble,n.碎石；碎砖
rut,n.车辙，槽，凹痕；常规，老规矩
超纲词S,
scanty,adj.不足的，缺乏的，贫乏的
scapegoat,n.替人顶罪者，替罪羊
schism,n.分裂
scholarly,adj.勤奋好学的；有学问的；学术的；学术性的
scholastic,adj.学校的；刻板的；繁琐的
schooling,n.学校教育；锻炼
scrutinize,v.仔细查看；认真检查；细致审查
seasonal,adj.季节性的；随季节变化的；节令性的；适应节目需要的；（尤指）圣诞节的
secular,adj.现世的，世俗的；非宗教的
seethe,v.煮沸；冒泡；沸腾；激动
sensational,adj.引起起轰动的;感觉的
sensitivity,n.敏感性;感受性；
sensory,adj.知觉的，感觉的，感觉中枢的
sensual,adj.感官的，肉欲的，愉悦感官的，喜欢感官享受的；耽于肉欲的
separation,"n.分离,分隔;离析;（夫妻）分居"
seriously,adv.严重地；严肃地；认真地； 说正经的，说实在的；非常；极其
sermon,n.布道，说教；（令人生厌的）冗长讲节
setter,n.制定者，规定者，安排者，安装 （或接合）…的人；塞特种猎狗
settler,n.移民，殖民者，移居新兴国家者
severity,n.严格；朴素；严厉的惩罚
sexual,adj.性行为的，性的；性别的；生殖的；有性繁殖的
shareholder,n.股东，股东持有者
shipload,n.船只运载量
shipper,n.托运人，货主
shortlist,n.入围名单v.把……列入入围名单
sift,v.细查；详审；区分；挑选；精选；筛
sighted,adj.看得见的；有视力的；有...视力的
sightseer,n.观光者，游客
significantly,adv.有重大意义地；显著地；有某种意义；别有含义的，意味深长地
silt,n.泥沙，淤泥 v.使淤塞
similarity,n.类似，相似，类似点
similarly,adv.相似地，类似地；差不多地；同样；也
simplification,n.简化；简化的事物
simultaneously,adv.同时地
simulation,n.假装，模拟；［生］拟态
skepticism,n.怀疑论，怀疑的态度
sovereignty,n.君权，统治权；主权国家
spatial,adj.空间的，空间性的
speaking,n.说话，演讲 adj.发言的，交谈的；能说明问题的；富于表情的，逼真的
specialization,n.专业化；特殊化；［生］特化作用；专业性
specifically,adv.明确地；具体地；特意；专门地；具体来说；确切地说
speculative,adj.思索的，推测的；投机的
spent,adj.用完的，失去效能的；筋疲力尽的
spontaneity,n.自发性，自然发生
spook,n.情报员，间谍
spotlight,n.聚光灯；公众注意的中心
springtime,n.春季，春天；发展的早期；全盛期
stabilize,v.（使）稳定，稳固
stakeholder,n.（某组织、工程、体系等的）参与人，参与方；有权益关系者； 赌金保管人
stamina,n.体力，耐力
standardize,v.使标准化，使合标准；使统一
standing,adj.长期存在的，永久性的；常设的；站着进行的 n.地位，级别，身份；名声；持续时间
standstill,n.停止，停顿，停滞不前
stark,adj.僵硬的；严格的；刻板的；荒凉的
statistical,adj.统计的，统计学的
statistically,adv.统计上地，统计地
statistician,n.统计学家，统计员
steelworker,n.炼钢工人
stickiness,n.粘住；湿热
stimulant,n.兴奋剂，刺激物 adj.使人兴奋的，激励的
stimulus,n.促进因素；激励因素；刺激物；刺激
stockpile,n.（应急用的）储备物资
stomp,v.跺脚，重踩，重踏
storehouse,n.仓库；货栈
strangely,adv.离奇地，奇妙地，不寻常地
strategic,adj.关键的；战略上的
strictly,adv.严格地；严谨地；绝对地，确实
strikingly,adv.异乎寻常地
structural,adj.结构的，构造上的；建筑上的，建筑用的
stylish,adj.时髦的，新潮的；雅致的；有气派的
stylist,n.文体家，文体批评家；发型师；造型师；时装设计师；表现得有格调的人
stuck,adj.动不了的，无法移动的，卡住的；被难住的；答不上来的；不知所措的；犯愁的，摆脱不了的
stunning,adj.极有魅力的；绝妙的；令人震惊的；给人以深刻印象的；令人惊奇万分的；令人震惊的
subconscious,adj.下意识的，潜意识的
submission,n.屈从，归顺，投降
subscriber,n.预订者，订阅者；捐款者，出资者
subsequently,adv.此后，后来，随后
subsidize,v.资助；补助；给…发津贴
substantially,adv.非常地，大大地；基本上，大体上，相当地
substantiate,vt.证实
subtitle,n.副标题；说明或对白的字幕
successfully,adv.成功地；幸运地
suddenly,adv.突然地，出乎意料地
sufficiently,adv.足够地，充分地；有能力地，够格地
suitability,n.适合性，合适，适宜
superstar,n.超级明星
superstitious,adj.迷信的，因迷信而形成的
supporter,n.支持者，拥护者
supportive,adj.给予帮助的，支持的；鼓励的，同情的
supposing,conj.假定，假设，设想
suburban,adj.郊区的，城外的；平淡乏味的
surely,adv.想必；确定；一定，必定；稳当地； 安全地；（表示同意或肯定）当然
surgical,adj.外科的，外科医生的
surprisingly,adv.令人惊讶地
suspiciously,adv.怀疑地，有疑心地，令人怀疑地，形迹（或神色等）；以怀疑的态度；不信任地
sustainability,n.持续性，能维持性
sustainable,adj.能承受的，能维持的
swab,n.医用海绵，纱布
swollen,adj.肿胀的，肿起来的；涨水的；上涨的
symbolic,adj.使用象征的，作为象征的
symbolically,adv.象征性地
systematically,adv.有系统地，有组织地，条理分明地
超纲词T,
taxpayer,n.纳税人
technicist,n.技师
technological,adj.科技的；工艺的
template,n.（切金属、石、木等用的）样板，模版
terrain,n.地形；地势；地帯
textual,adj.文本的；篇章的
theorize,v.建立理论（或学说），理论化；推理
therapist,n.治疗学家
thermostat,n.自动调温器，恒温器
think-tank,n.智囊团
thoughtless,adj.粗心大意的；欠考虑的；轻率的
tier,n.级，阶，层；阶层，等级
tighten,v.（使）变紧，更加牢固；使更加严格；加强
timeless,adj.不受时间影响的，无时间性的；永不过时的；永恒的，永存的，永远的，永久的 
timescale,n.（事情发生或完成所需要的）一段时间，期限
timidity,n.胆怯，羞怯
toll-free,adv./adj.不用付电话费地（的）
tort,n.侵权行为（不构成刑事犯罪但可引起民事诉讼）
tournament,n.比赛，锦标赛，联赛
townsfolk,n.市民，镇民，城里人
traceable,adj.可追溯的；可追踪的；可追本溯源的
traditional,adj.传统的;习俗的；惯例的；守旧的，因袭的
transcendence,n.超越；超绝；卓越
transcendentalist,n.先验论者
transferable,adj.可转移的；可调动的；可转让的；可转录的；可中转的
transmissible,adj.可传送的，可遗传的
tribal,adj.部落的，种族的
trigonometry,n.三角
troublemaker,n.惹是生非者，闹事者
troupe,n.（演员、歌手等的）班子，表演团
trustworthiness,n.可信赖；确实性
tumbler,n.玻璃杯；翻筋斗杂技演员
turbulence,n.骚乱，动乱，动荡；湍流，涡流
turnaround,n.好转，起色，转机；彻底转变； 周转期，时限；终点装卸时间
typically,adv.通常，一般；典型地，具有代表性 地；不出所料；果然
超纲词U,
ultimately,adv.最终，最后；最基本地，根本上
unable,adj.没有所需技能；未能；无法
unacceptable,adj.不能接受的
unaccountably,adv.难以理解地，莫名其妙地
unacknowledged,adj.未得到应有的感激或赞赏的；不被承认存在的；未被意识的；未承认的；非正式的
unaffected,adj.未受影响的
unaffordable,adj.买不起的，负担不起的
unanswered,adj.未回答的，未解答的，悬而未决的
unattractive,adj.不悦目的，不漂亮的，难看的； 不好的，无趣的，令人反感的
unaware,adj.不知道的，没意识到的，未察觉的
unbearably,adv.不能忍受地，无法容忍地
unbiased,adj.公正的，不偏不倚的，无偏见的
uncanny,adj.异常的，难以解释的
uncertain,adj.不确定的，无把握的，犹豫的
uncertainly,adv.犹豫地，迟疑地
uncharted,adj.人迹罕见的，无人涉足的，陌生的； 地图上未绘出（或未标明）的
unclean,adj.肮脏的，不洁净的
unclear,adj.不清楚的，不确定的，难以掌握的
unconscious,adj.无知觉的，昏迷的 n.无意识
unconsciously,adv.无意地，不知不觉地
uncontrollable,adj.无法控制的，难以防止的
unconventional,adj.不因循守旧的，新奇的
uncool,adj.不时髦的，不帅的，不潇洒的
underfund,vt.对…提供的资金不足
underrate,v.过低评价，低估
undervalue,v.低估，轻视
undesirable,adj.不想要的，不得人心的 n.不受欢迎的人，不良分子
undeveloped,adj.未幵垦的，未幵发的，未利用的
undoubted,adj.无疑的，确实的，千真万确的
undue,adj.过度的，过分的
uneconomic,adj.不赢利，不赚钱的
unemployed,adj.失业的，待业的，下岗的
uneven,adj.凹凸不平的；不规则的；不均衡的； 实力悬殊的；一边倒的；不在同一水平的
unfair,adj.不公平的，待人不平等的
unfairness,n.不公正，不公平
unfamiliar,adj.陌生的，不熟悉的，不认识的
unfashionable,adj.不时兴的，不时髦的，过时的
unfavourable,adj.不利的，有害的；不赞同的
unfeasible,adj.不可行的；难以实现的
unfocused,adj.漫不经心的，目的不明确的，组织不严密的，松散的
unhappy,adj.不快乐的，不幸福的，不满的
unification,n.统一，一致
uniformly,adv.一致地；相同地
unimaginable,adj.难以置信的，不可想像的
unintentional,adj.无意的，偶然的
unionism,n.工会主义；联合主义；联邦主义
unionize,v.组织（或成立）工会；（使）加入工会
universality,n.普遍性，一般性
unjust,adj.不公平的，不公正的，非正义的
unknowable,adj.无法知道的，不可知的
unknown,adj.未知的，不详的 n.未知的地方/事物；无名者，未知因素，未知数
unlearned,adj.未受过教育的
unmistakable,adj.确定无疑的，清楚明白的
unnatural,adj.不自然的，反常的，勉强的
unnecessarily,adv.不需要地，不必地，多余地
unnecessary,adj.不需要的，不必要的，多余的；不必要（且容易开罪于人）的
unpleasant,adj.令人不快的，不客气的，不礼貌的
unpopular,adj.没人缘儿的，不受欢迎的，不得人心的
unprecedented,adj.前所未有的，没有先例的
unpredictability,n.不可预测，难以预料
unpredictable,adj.无法预言的，不可预测的，难以预料的；（人）善变的，难以捉摸的
unpretentious,adj.谦虚谨慎的，不事张扬的
unrealistic,adj.不切实际的，不实事求是的
unreasonable,adj.不合理的；不公正的；期望过高的
unrecognized unrecognised,adj.未被意识到的，被忽略的，不受重视的
unrelated,adj.无关联的，不相关的，无亲缘关系的
unreliable,adj.不可靠的，不能信赖的
unrepresentative,adj.不典型的，无代表性的
unseat,v.解除职务；赶下台
unsettle,v.使心神不宁；扰乱；使担忧
unsurprisingly,adv.不足为奇地
unsustainable,adj.不能持续的，无法维持的
untested,adj.未经试验（或考验）的
unusually,adv.（置于形容词前，用以强调）特别地，极，非常；不寻常地；意想不到地
unworthy,adj.不值得（尊重）的；不配的；格格不入的；不能接受的；不相称的
upcoming,adj.即将发生（或来临）的
upfront,adj.坦率的，诚实的，直爽的； 预付的，预交的
upkeep,n.供养（费）；维修（费）
uplifting,adj.令人振奋的
upload,V.上载，上传 n.上传的数据
upscale,vt.升高一级；迎合（高层次消费者）
upside,n.（糟糕局面的）好的一面，光明的一面，正面
upstart,n.自命不凡的新上任者； 狂妄自大的新手
user,n.使用者，用户；吸毒者
Utopia,n.乌托邦，理想国
utterance,n.用言语的表达，说话，话语，言论
超纲词V,
vaccination,n.种痘，接种
validate,vt.使有效；确认，证实
validity,n.（法律上的）有效，合法性；（正式的）认可
vaunt,"v.夸张,吹嘘"
vibrant,adj.充满生机的，精力充沛的；鲜艳的，醒目的；响亮的，洪亮的，强劲的
vigorously,adv.有力地；健壮地；精力旺盛地
virtuosity,n.（表演或演奏方面的）高超技艺、精湛演技
virtuous,adj.品行端正的，品德高的，有道德的；自命不凡的，自命清高的
visionary,adj.有眼力的；有创见的；有远见卓识的；梦幻的；耽于幻想的；宗教异象的，神示的 n.有眼力的人，有远见卓识的人
visualize,v.使形象化；想象，设想
vitality,n.活力，生气，生命力
volcanic,adj.火山（性）的；爆烈的，猛烈的
voter,n.（尤指政治性选举的）投票人，选举人，有选举权的人
超纲词W,
warrior,n.勇士，斗士
wasteful,adj.浪费的，挥霍的
weaken,v.使虚弱，衰弱；减弱，削弱；动摇
weakness,n.软弱；虚弱；疲软；衰弱；懦弱；弱点
weaver,n.织布工，编织工
wholesale,n.批发；adj.批发的；adv.批发地
wilderness,n.未幵发的地区，荒无人烟的地区
windfall,n.意外的收获，意外之财
winner,n.得胜者，获奖者，冠军；可成功的事（或人）
wordy,adj.文字的；口头的；唠叨的，冗长的
workforce,n.劳动力，劳动大军，劳动人口
workload,n.（某一人或组织的）工作量，工作负担
workplace,n.工作场所
workstation,n.（计算机）工作站
worrisome,adj.令人烦恼的
