基础词Unit1,
pioneer,n.先驱，倡导者，开拓者 v.倡导；开创；当开拓者，当先锋
pipe,n.烟斗；管子，管道；笛子
pirate,n.海盗；盗印者，盗版者，侵犯专利权者 vt.盗印，盗版，掠夺，翻印
pistol,n.手枪
pit,n.坑，陷阱；煤矿，矿井
pitch,"n.沥青 v.搭（帐篷）,扎（营）;投掷，扔"
plagiarism,n.抄袭，剽窃，剽窃作品
plague,n.瘟疫，灾害 v.折磨，困扰；纠缠
plain,adj.明白的，易懂的；朴素的，平常的；坦率的; 平凡的，普通的；   n.平原，旷野
planet,n.行星
plant,n.植物，花草；工厂；装置，设备 vt.种植，栽种；灌输（某思想等）
plantation,n.种植园 
lay,"vt.放置，搁；下蛋；铺设，砌砖adj.外行的,非专业的"
layer,n.层，表层，层次，阶层
layman,n.外行；（基督教中的）平信徒，在俗教徒（非神职人员）
layout,n.布局，陈设
marathon,n.马拉松赛跑；马拉松式的活动（或工作）
marble,n.大理石，云石
march,v.（使）行军，（使）进行；把…带走，迫使...到（某处） n.行军；行程
marine,adj.海的，海生的；船舶的，航海的
marital,adj.婚姻的；夫妻关系的
married,adj.与…结婚的；已婚的，夫妇的
mark,n.痕迹，斑点；记号，符号；（考试等的）分数 vt.批改，打分；标明，作记号
marvelous marvallous,adj.惊人的，奇迹般的，奇妙的
Marxist,adj.马克思主义的 n.马克思主义者
mask,n.面具，面罩；假面具，伪装
naval,adj.海军的，军舰的
navigation,n.航海；导航，领航
navy,n.海军
nearby,adj.附近的；adv.在附近 prep.在...附近
nearly,adv.几乎，差不多；亲密地，秘密地
neat,adj.整洁的，干净的；优美的，精致的
necklace,n.项链
needle,"n.针,指针，针状物"
neighbourhood neighborhood,n.四邻，街坊；区域，街道
queer,adj.奇怪的，古怪的
query,n.疑问，询问 v.怀疑，表示疑虑 ；提问，询问
queue,n. （排队等候的）一队人，一行列车v.排队（等待）
quiver,v.颤抖，抖动 n.颤抖，抖动
quiz,n.测验，考查，问答比赛
quota,n.配额，定额，（人或事物的）最高限额
recall,v.回忆，回想；收回，撤消
recollect,v.回忆，想起
reconcile,vt.使和解，使和好；调解，调停；使一致
recur,vi.复发，重现，再来，回想
recreation,n.娱乐，消遣
recycle,vt.使再循环，反复利用；整修，改建 n.再循环，再生，重复利用
rectify,v.纠正，改正，矫正；调整，校正
redundant,adj.多余的，冗长的，累赘的；过剩的，后备的
reed,n.芦苇，苇丛；簧片
reel,n.卷筒，线轴 vt.卷，绕
sheer,adj.完全的，十足的；陡峭的，垂直的
sheet,n.被单；（一）张，（一）片，薄片
shepherd,n.牧民，牧羊人 v.带领；护送
shrewd,adj.机灵的，敏锐的，精明的
shrink,v.（使）起皱，收缩，缩水；使（数量、体积或价值）减少，缩小；（尤指因恐惧而）畏缩，退缩 n.精神病学家，心理学家
shut,vt.关，关闭
shutter,n.百叶窗，（照相机）快门
shuttle,v.穿梭往返 n.往返汽车（列车、飞机）；梭子
shy,adj.怕羞的，腼腆的；胆怯的，易受惊的
theatre theater,n.戏剧，戏院；阶梯教室
theft,n.偷窃，失窃
thermal,adj.热的，由热造成的；温暖的， 保暖的；与温度相关的
thermometer,n.温度计，体温计
thesis,n.论文；论题，论点
thick,adj.厚的，稠的，浓的 adv.厚，浓，密
thigh,n.大腿，股
thorn,n.刺，荆棘；使人生气的事（或人）
thousand,pron.—千，一千个
via,"prep.经,通过"
viable,adj.可实施的，切实可行的 能独立生存的，可生长发育的
vibrate,v.（使）振动，（使）摆动;适应，共鸣
vicinity,n.邻近，附近
video,n.电视，视频，录像 adj.电视的，视频的，录像的
violate,vt.违反，违背，违犯；侵犯，打扰
基础词Unit2,
beg,v.乞求，乞讨；请求，恳求
behind,prep.在...后面，落后于 adv.在后，面向后
being,n.生物，人；生存，存在；身心，思想感情，本性
all,"adj.所有的,全部的 pron.—切，全部；adv.完全，全部"
allege,vt.断言，宣称，辩解
allegiance,n.（对政党、宗教、统治者的）忠诚；效忠；拥戴
alleviate,vt.使（痛苦等）易于忍受，减轻，缓和
alliance,n.联盟，同盟；联姻
allowance,n.津贴，补贴，零用钱
alloy,n.合金
ally,n.同盟国，同盟者；支持者 v. （with）使联盟
alone,adj.单独的，独自的，独一无二的 adv.仅仅，只；单独地，独自
along,prep.沿着，顺着 adv.向前 
alongside,adv.并肩地，并排地 prep.在...旁边，横靠，与...并肩
alphabet,n.字母表
denounce,vt.(向当局）高发某人；谴责，指责；宣布退出（条约）等
dense,adj.密度的，浓的；愚蠢的
density,n.密集，密度，浓度
fellow,n.人，家伙；伙伴，同事 adj.同样的，同类的
fellowship,n.伙伴关系，友谊；联谊会，团体
female,adj.女（性）的;母的，雌的
feminine,adj.女性的，有女性气质的；阴性的
fence,n.篱笆，围栏；击剑 v.击剑
ferry,n.渡船 v.渡运（人、车或物等）
fetch,v.取来，接来
feudal,adj.封建的
fever,n.发热，发烧；狂热
heave,v.举起，提升；扔（尤指重物）；发出（声音）；起伏 ，升降n.举，提，拖，拉，扔
heaven,n.天堂；天空；上帝
heavy,adj.重的，重型的；大量的，多的； 心情沉重的，郁闷的
indoor,adj.室内的，户内的
induce,vt.引诱，劝导；引起，导致
indulge,v.放纵自己（或某人）；容许或迁就某人做某事；满足；让自己尽情享受某事物
kin,n.家属，亲戚，家族 adj.有亲属关系的；性质类似的，同类的
kindness,n.仁慈，亲切；好意；友好行为
king,n.君主，国王
kingdom,n.王国；领域
kit,n.成套工具，用具包，工具箱 vt.给某人装备
mat,n.席子，垫子；从，簇，团 v.铺席子；编织，编结；adv.无光泽的，不光亮的，亚光的
match,n.比赛，竞赛;对手，敌手;相配的人/物 V.匹配，相配，相称
may,v.可能，也许，可以；祝，愿
mayor,n.市长
nest,n.窝，巢 v.筑巢
net,n.网，网状物；adj.净的，纯净的 vt.用网捕，使落网
network,n.网状物；电视网，网络
neutral,adj.中立的；中性的，中和的
neutron,n.中子
new,adj.新的；（to）不熟悉的，没有经验的，尚未习惯于
omit,vt.省略，删除；遗漏，忘记
opaque,adj.不透明的；晦涩的，难理解的
opt,v.决定做；决定/选择某事物
optical,adj.眼的，视力的；光学的
plaster,n.灰泥，熟石膏 v.抹灰，粉饰；粘贴，涂抹
plastic,n.塑料，塑料制品 adj.可塑的；塑料的
plate,n.金属板，薄片；盘子；版，印版 vt.镀，电镀
plateau,n.高原；（发展或增长后的）稳定期，停滞期 v.保持稳定水平，处于停滞状态
platform,n.平台，台；站台，月台；政纲，党纲
play,"n.游戏，比赛;剧本,戏剧；活动，作用 v.演奏;起作用"
refine,v.提炼；［喻］改进，使变得完善（或精妙）
refrain,Vi.节制，避免，制止 n.重复，叠句
refuge,n.避难处，藏身处
refugee,n.难民，流亡者 v.避难，逃难
refund,vt.退还，偿还 n.归还，偿还额，退款
refusal,n.拒绝，回绝
refuse,vt.拒绝，回绝 n.垃圾，废弃物
circle,n.圆，圆周；圈子，界；周期，循环 vt.环行，盘旋
circuit,n.环行，周线，巡回；电路，线路
circular,adj.圆形的，环形的；循环的 n.传单；通报
circulate,v.使循环，使流通
citizen,n.公民，市民
civil,adj.公民的，市民的；民事的，民法的；有礼貌的，文明的；文职的
civilian,n.平民，百姓（不在军队或警察部队中服役的人）
civilize civilise,vt.使文明，开化
civilization civilisation,n.文明，文化
goat,n.山羊
gold,n.黄金，金币 adj.黄的，金制的
golden,adj.金子般的；金黄色的；贵重的，极好的
grab,v. (at)抓住，夺得 n. (at)抓住，掠夺
grace,n.风度；优美；情理；宽限；恩典
graceful,adj.优美的，文雅的，得体的
gracious,"adj.（人或行为）（尤指对社会地位较低者）和蔼的，慈祥的，有礼貌的,宽厚的；（常用于名词前）富贵安逸的，优裕的，舒适的"
基础词Unit3,
chat,n.闲谈，闲聊 vi.闲谈，聊天
chain,n.链条；镣铐；一系列 vt.用链条拴住
chair,n.椅子；（会议）主席，主席席位
chairman,n.主席，委员长，董事长
chamber,n.房间，寝室；议院
champagne,n.香槟酒，香槟色
champion,n.冠军；拥护者
chancellor,n.（某些大学的）名誉校长；（政府的）官员，大臣
chaos,n.混乱，紊乱
chapter,n.（书籍的）章节，回
charity,n.慈善（团体），仁慈，施舍
chart,"n.图，图表；航海图 ，海图v.记录,跟踪（进展或变化）;（制订）行动计划；绘制…的地图"
charter,vt.租船，租车 n.宪章
deck,n.甲板
declaration,n.宣告，宣布，公告， 正式声明；申报（单）
declare,v.宣布，宣告，声明；断言，宣称
deed,n.行为，行动；契约，证书
default,n.违约（尤指未偿付债务）；默认值，系统设定值 ，预置值v.违约，不履行义务（尤指不偿还债务）
defeat,vt.战胜，击败 n.击败，失败
defer,v.延期，推迟
defect,n.缺点，缺陷
deficiency,n.缺乏，不足；缺陷
deficit,n. （in）赤字，亏空
degenerate,"vi. （into）衰落,堕落，退化 adj.堕落的，颓废的；n.堕落者"
either,adj. （二者之中）任一的 ，任何一个的pron.（两者之中）任何一个 adv.（用于否定句）也
eject,vt.喷射；排出，驱逐
elapse,vi.（指时间）过去，消逝
elastic,adj.弹性的 n.松紧带，橡皮圈
elbow,n.肘，肘部 vt.用肘挤
feasible,adj.可行的，合理的，可用的
feast,n.宴会，节日 v.宴请，款待
feat,n.伟绩，伟业 adj.灵巧的，漂亮的；整洁的；合适的
feather,n.羽毛
glide,n.溜，滑行 vi.溜，滑行
gloomy,adj.阴沉的，阴暗的； 令人沮丧的，抑郁的
glory,n.光荣，荣誉
glorious,adj.壮丽的，辉煌的；光荣的
glue,n.胶，胶水 v.胶合，粘贴
headline,n.大字标题
headquarters,n.司令部，指挥部；总部，总局
hearing,n.听力，听觉；审讯
heart,n.心，心脏；中心，要点；内心，心肠
heat,n.热，高温；热烈，激烈 v.(up)（使）变暖，（使）变热，加热
member,n.成员，会员
membership,n.会员资格，全体成员
menace, n.威胁，威胁物vt.威吓，危及，威胁
mend,v.修理，修补；改善，改进，改正
persecute,vt.虐待，残害，迫害；骚扰，纠缠，为...找麻烦
persevere,vi.坚持，忍耐，百折不回，不屈不挠；支撑
persist,v. （in）坚持；持续
persuade,vt.说服，劝说；使相信
persuasion,n.说服，说服力
pest,n.害虫；讨厌的人（或物）
petrol,n.汽油
petroleum,n.石油
petty,adj.小的，琐碎的；气量小的
pharmacy,n.药剂学，配药业，制药业；药房
phone,n.电话，电话机；v.（给...）打电话
pile,n.（较整齐的）一堆，一叠；一大堆，大量v.堆，叠，堆积；拥，挤
pilgrim,n.圣地朝拜者，朝圣；v.朝山进香，朝圣；流浪
pill,n.药丸，药片；讨厌的人
pillar,n.柱，台柱，栋梁
pilot,n.飞行员，驾驶员，领航员，舵手；Vt.驾驶；带领，领导，使顺利通过
quarrel,v.争吵，争论；争吵，口角
quart,n.夸脱（液体或固体的容积单位）
quarter,n.四分之一，四等分；季，季度；方向，地区，方面
quarantine,n.（为预防感染的）隔离器；检疫；v.（对动物或人）进行检疫；隔离
slip,v.滑倒，滑落，失足；溜走，悄悄地走；失掉，错过；下降，下跌；变坏，变差n.疏漏，差错；下降，下跌
slipper,n.拖鞋，便鞋
slippery,adj.滑的，滑溜的；（对问题等）要小心对待的；圆滑的；不可靠的
slogan,n.标语，口号
slope,v.倾斜，有坡度；n.斜坡，坡地；倾斜，斜度，坡度
slot,"n.缝;硬币投币口；（表格）空位;（计）插槽;狭槽;狭通道；足迹; vt.开槽于;跟踪;在...切口； （in,into）安置，放置"
slum,n.贫民窟，贫民区，陋巷
slump,v.（价格、价值、数量等）骤降，猛跌，锐减；重重的地坐下 n.（销售量、价格、价值等的）骤降，猛跌，锐减；萧条期，衰退 
sly,adj.狡猾的，狡诈的
smash,v.打碎，打破，摧毁 n.打破，打碎，摧毁
smog,n.烟雾
smooth,adj.平滑的，光滑的；平稳的，平静的； 流畅的；平和的 ，安详的v.弄平，使平滑；铺平（道路）， 去掉（障碍、困难等）；缓和，减轻
smuggle,v.走私，偷运 
bear,n.熊v.忍受，容忍；负担，负荷；结果实，生子女
beard,n.胡须
rap,v.（轻快的）敲击，急敲；责备或训斥（某人） n.敲击声，急敲声；（对某人的）责备或训斥；监禁，处罚
rape,n.掠夺，强奸 vt.掠夺，强奸
rapid,adj.快的，急速的 n. 急流，湍流
rash,adj.轻率的，匆忙的，鲁莽的 n. （of）突然大量出现的事物
raw,adj.生的，未加工的；未经训练的，没经验的
ray,n.光线，射线；一线（希望），一点点
reader,n.读者，读书的人;读物，课本；准教授；电子阅读器，电子识读卡
reading,n.读物；读数；仪表指示数
readily,adv.快捷地，便利地，容易地；乐意地，欣然地
realm,n.王国，国度；领域，范围
reap,v.收割，收获；获得，得到
rear,n.后部，后面，背部；v.抚养，培养;栽种；饲养 adj.后部的，后面的，背部的
基础词Unit4,
bend,v.使弯曲；屈从，屈服 n.弯曲处，曲折处
beneath,prep.在...下边，在...之下 adv.在下方
benign,adj.良性的；（气候）良好的；（人或行为）仁慈的，和蔼的
beside,prep.在...旁边，在...附近；与...相比
besides,prep.除了...之外 adv.而且，还有
amplify,vt.放大，增强
analog/analogue,n.类似物；模拟
analogy,n.类比；相似
analyse,vt.分解；分析
analysis,n.分析，分解
analytic  analytical,adj.分析的，分解的
inertia,n.不活动的，惰性；惯性
infant,"n.［术语］婴儿,幼儿 adj.供婴儿用的；初期的，初创期的"
infect,vt.传染，感染；用坏（好）思想感染（某人的思想）；用快乐的、好的思想感情感染（某人的心灵）
infectious,adj.传染的，传染性的
infinite,adj.无限的，无穷的
inflation,n.通货膨胀
inflict,v. (on/upon sb/sth)使遭受打击，使吃苦头
infrared,adj.红外线的
infrastructure,n.（国家或机构的）基础设施，基础建设
knee,n.膝，膝盖
kneel,vi.跪，跪下
knob,n.门把，（球形）把手，旋钮
knot,n.绳结；树节；节（=海里/小时） vt.打结
knowledge,n.知识，学问；知道，了解
leaf,n.叶子；（书刊的）一页，一张；金属薄片
leaflet,n.小叶，嫩叶；传单，活页
league,n.同盟，联盟；联合会，社团
leak,n.漏洞，裂缝；漏出物；泄露，透露 v.漏，渗；泄漏消息，走漏
lean,adj.瘦的，少脂肪的，无脂肪的；贫瘠的；收益少的；质量低劣的 v.斜，倾斜；屈身，靠，倚；有倾向（或偏向）
leap,n./v.跳跃
lease,n.租借，租约，租期 vt.出租，租出，租得
leather,n.皮革，皮革制品
mechanic,n.技工，机修工
mechanical,adj.机械的，机械似的，呆板的
mechanism,n.机械装置；机构，机制
nickname,n.绰号 vt.给…起绰号
nightmare,n.梦魇，噩梦；可怕的事物
nominal,adj.名义上的，有实无名的； （余额、租金）微不足道的，象征性的
nominate,vt. （for）提名；（as）任命，指定；确定
pleasure,n.愉快，快乐；乐事，乐趣
pledge,n.保证，誓言，誓约；抵押，典押 vt.许诺，保证，发誓；用...抵押，用...典押
plentiful,adj.富裕的，丰富的
pneumonia,n.肺炎
pocket,n.衣袋，口袋，袋子;钱包;财力； adj.袖珍的，小型的； vt.把…放入衣袋;把…占为己有;操纵; 把…藏起；中饱私囊
poison,vt.放毒，毒害，害死 n.毒物，毒药
poisonous,adj.有毒的；恶毒的，邪恶的，讨厌的
regard,vt.看待，认为；尊敬，尊重；考虑，重视；注视，凝视 n.注意，关心；尊敬，尊重；问候
regarding,prep.关于
regardless,adj.不留心的，不注意的 adv.不顾（后果地）
regime,n.政体，制度
register,vt.登记，注册；（仪表等）指示，自动记下，（邮件）挂号 n.登记，注册
rehearse,v.排练，排演；（使）熟练掌握
reign,v.当政，统治；盛行，支配 n.统治，统治权，统治时期；支配，影响
rein,"n.缰绳,统治;拘束物；牵制 v.以缰绳控制；驾驭,统治；驾驭;勒住马，止住"
reinforce,vt.增援，加强
simulate,vt.假装，冒充；模仿，扮演；模拟
simultaneous,adj.同时的，同时发生的
sin,n.罪，罪恶 v.犯过错
sincere,adj.诚挚的，真实的，诚恳的
single,adj.单一的，单个的；单人的，未婚的，独身的
singular,adj.非凡的，卓越的；单数的
sink,v.（使）下沉，陷入（某种状态）；使下沉，使下陷 n.水槽，水池
sip,v.小口地喝，呷茶，啜饮 n.啜，呷
siren,n.警报声，警报器
thumb,n.拇指
thunder,n.雷声，轰隆声 v.打雷，雷鸣;大声说，吼叫
tick,n.（钟声等发出的）滴答声；（核对账目等时画的）记号（如钩号、点子等） v.发出滴答声；给…标记号
ticket,n.票，入场券，标签；罚款传票
wealth,n.财富，财产；大量
wealthy,adj.富裕的，丰富的
weapon,n.武器，兵器
weave,v.织，编，编制；编排，编造；组合，交织
web,n.网，蜘蛛网；周密的布置；圈套
wedge,n.楔子，三角木；楔形物 vt.楔入，楔牢；挤入，插入
jungle,n.（热带）丛林，密林；尔虞我诈的环境;危险地带
junction,n.连接，接合；（铁路、公路或河流）交叉点，接合处，汇合处，枢纽站
junior,adj.年少的，年幼的；等级较低的，资历较浅的； （美国中学或大学）三年级的 n.年少者，低班生；下级，晚辈； （美国中学或大学）三年级学生
juvenile,adj.青少年的，幼稚的 n.青少年；少年读物
junk,n.垃圾，质量低劣的东西，废品 v.把（无用的东西）丢弃，废弃
unload,v.卸货，卸下
upper,adj.上面的，上部的，较高的
upright,adj.挺直的，垂直的；正直的，诚实的 adv.竖直地，挺直地
upstairs,adv.在楼上，往楼上
upward,adv.向上，往上，...以上 adj.向上的，上升的
基础词Unit5,
skate,v.溜冰，滑冰 n.冰鞋
ski,n.雪橇，滑雪 vi.滑雪
skill,n.技巧，技艺；技术，技能
skilled,adj.有技能的；熟练的
skillful/skilful,"adj. (in,at)灵巧的，娴熟的，熟练的"
skim,vt.擦去，撇去；掠过或擦过（某物的表面）；略读，快读
skin,n.皮，皮肤；兽皮，皮毛；外皮，外壳 vt.剥皮
skip,"v.跳,蹦；很快地改变（话题、职业等）；跳读，遗漏 n.跳跃，轻快的跳"
skull,n.头脑，智能
skyscraper,n.摩天大楼
slam,vt.砰地关上，砰地放下，猛力挟击，冲击 n.砰，猛击，撞击
slap,n.拍，掌击 vt.拍，掌击
slaughter,v./n.屠宰，残杀；彻底击败
sleeve,n.袖子
slender,adj.苗条的，修长的，细长的；微薄的，不足的
slice,n.薄片，切片；部分，份 vt.切
slide,v.滑行，滑动，滑落；悄悄地走 ，徐徐而行n.滑行，滑动，滑落；滑道，滑梯；幻灯片
slight,adj.纤细的，瘦弱的；轻微的，微小的
slim,adj.苗条的；薄的；微小的，不够大的 v.（用运动、节食等）减轻体重使体形苗条
climate,n.风气，社会思潮，气氛；气候
climax,n.顶点，高潮
climb,n.攀顶，爬 v.攀登，爬
clip,vt.剪，修剪；钳，夹住 n.夹，钳，回形针
cloak,n.外套，斗篷 v.掩盖，掩饰
clockwise,adv./adj.顺时钟方向地/的
clone,n.无性繁殖；复制 vt.（使）无性繁殖；［比喻］复制
descend,v.下来，下降
descendant,n.子孙，后代
descent,n.降落，下降；血统，家世
desert,n.沙漠，不毛之地 v.抛弃，舍弃
endow,vt.资助，捐助；是某人天生具有（任何好的品质或能力）
endure,v.忍受；持久，持续
endurance,n.忍耐（力），持久（力），耐久（性）
graph,n.图表，曲线图
graphic,adj.生动的，书写的，绘画的，图示的
grateful,"adj. （to,for）感激的,感谢的"
gratitude,n.感激，感谢
grave,n.坟墓 adj.严肃的，庄重的
gravity,n.重力，引力；严肃，严重 
graze,v.吃青草；放牧；擦破；摩擦，蹭n.擦伤，皮肤擦伤之处
grease,n.油脂，动物脂 vt.抹油，润滑；使便于通过
inhabit,vt.居住于，栖息于
inhabitant,n.居民，住户；栖息的动物
inhale,v.吸入，吸气
inherent,adj.固有的，内在的，天生的
inherit,vt.继承
inhibit,vt.使某人不能做轻易可做的事； 阻碍或抑制（某过程或行动）
medal,n.奖章，勋章，纪念章
medical,adj.医学的，医疗的，医药的；内科的
medicine,n.内服药，医药；医术，医学
medieval,adj.中世纪的，仿中世纪的；老式的，（贬）原始的
meet,v.遇见，碰到；会见，会谈；开会，集会；迎接；满足（需要等），达到（目标等），符合（标准等）
melody,n.曲调，歌曲；主调，主旋律
melt,v.（使）融化，（使）熔化;（使）溶解;（使）消散，（使）逐渐消失;（使）心软
plight,n.苦难，困境 vt.保证，约定
plough/plow,n.犁；犁过的地，耕地 v.犁地，耕地
plug,n.塞子，栓；插头，插座 v.堵塞；给…接通电源；连接
plumber,n.水管工人
plunge,v.猛地投入（或插入）；陷入，遭受； 猛冲，（价格、温度等）猛跌，下降
plural,adj.复数的 n.复数
plus,"prep.加上,加；adj.正的，加的；（电）阳性的 n.加号，正号；正数，正量"
fiber/fibre,n.纤维，纤维质
file,n.挫刀；文件，档案 v.锉；存档，归档
fill,v. （with）充满，装满，填满；填塞，堵塞（洞、隙等）
film,n.电影；胶卷；薄膜 v.（把…）拍成电影
filter,n.滤器，滤纸 v.过滤
relax,v.（使）松弛，放松
relay,v.中继转播，转播；收到并传出（信息），传递；转达 n.接替的一组人，替换队；接力赛
release,vt.释放，释出；解除（义务、责任），解脱；发布，发行 n.排放，释出；解除，解脱；发布，发行
relief,n.（痛苦等）减轻，解除；援救，救济
relieve,vt.缓解，解除；救济，救援；接替，替下
relish,"n.（美食等的）享受,乐趣;食欲，胃口;意味，寓意 vt.从某事物中获得乐趣;（of）有...风味；品味;调味"
reluctant,"adj.不愿的,勉强的"
treason,n.谋反，通敌，叛国
treasure,n.财宝，财富；珍品，珍藏品 vt.珍爱，珍视，珍藏
tremble,"vi.发抖,颤抖；摇动，晃动"
tremendous,adj.巨大的，极大的
trench,n.壕沟，战壕
usage,n.用法，惯用法
useful,adj.有用的，有益的
utmost,adj.最远的，极度的，极端的 n.极限，极度，最大可能
bold,adj.勇敢的；冒失的，结实的；黑体的，粗体的
bolt,v.闩门，关窗，拴住 n.螺栓；（门、窗的）插销
bolster,v.改善，加强
bomb,n.炸弹 vt.轰炸，投弹于
bond,n.结合（物），黏结（剂），联结；公债，债券，契约
bone,n.骨（骼）
基础词Unit6,
shabby,"adj.低劣的,卑鄙的，下流的； 破旧的，衣衫褴褛的"
shaft,n.轴，杆状物 v.亏待，欺骗（尤指骗钱）
shake,n.摇动，摇晃 v.摇动，摇晃；震动，颤抖
shallow,adj.浅的，浅薄的
sbame,n.羞耻；耻辱，可耻的人/事；憾事 vt.使羞愧，使丢脸
shampoo,n.洗发膏，香波；洗发，洗头 vt.洗发，洗头
shatter,v.打碎，使散开；粉碎，破坏 n.碎片；落花（叶、粒）
shave,vt.剃，刮，刨，削 n.剃，刮
shear,v.剪，修剪；剥夺(of)；削减
shed,vt.流；发出，散发； 去除，摆脱；（叶、籽等）脱落，脱毛，脱皮
terrible,"adj.很糟的,极坏的； 可怕的，骇人的；极度的，厉害的"
terrific,adj.极好的，非常的，极度的；很强的，很大的，很多的
terrify,v.使害怕，使惊吓
territory,n.领土，版图；领域，范围
terror,n.恐怖，恐惧；可怕的人/事
textile,n.纺织品
texture,n.质地，外观，肌理；疏密，松紧； 气质，性格，本质，特征
wash,v.洗，洗涤；流动，冲刷 n.洗，冲洗；洗涤物
waste,v.浪费，使荒芜；adj.无用的，废弃的; n.浪费，废物
watch,v.观看；看守，监控；(for)窥视；等待 n.表；看管，监视
ahead,adv.在前，向前；提前
airy,adj.通风的，空气流通的；无忧无虑的; 无所谓的，漫不经心的；轻率的，不切实际的
air-conditioning,n.空气调节系统，空调
aircraft,n.航空器，飞机
aisle,n.通道，走廊，过道
alert,adj.警惕的，留神的；活泼的，敏捷的 n.警戒状态，警戒期间
alike,adj.相同的，相像的 adv..同样地，一视同仁地
alive,adj.活着的；活跃的，热闹的
algorithm,n.算法，运算法则
cheat,v.欺骗；作弊
cheque check,n.支票
chest,n.胸腔，胸部；箱，柜
chew,v.嚼，咀嚼；沉思，考虑（忠告、意见等）
chief,n.首领，领袖 adj.主要的，首要的
childhood,n.幼年，童年
chill,"n.寒冷，寒气，寒颤 v.（使）寒冷,（使）变凉"
chorus,n.合唱队，唱诗班； 合唱，齐声说/喊的内容
Christ,n.救世主
Christian,n.基督教徒adj.基督教的
chronic,adj.慢性的，长期患病的；长期的； 积习难改的；［英口］坏的，严重的
church,n.教堂，教会
pin,n.大头针，别针 v.别住，钉住
pinch,v.使紧缺，节约；使不舒服，使为难;捏，拧 n.捏，拧，夹；一撮，少量
pint,n.品脱（液量单位）
delegate,n.代表 v.挑选或委派某人做代表；授权给
delete,vt.删除
delicious,adj.美味的;令人愉悦的
delight,n.高兴，快乐；乐事，乐趣 v.使高兴，使快乐
elect,vt.选举，推选；选择，决定
electric,adj.电的，导电的，电动的
electrical,adj.电的，电学的
electrician,n.电学家，电工
elevate,vt.举起，提高，抬起；使情绪高昂
elevator,n.电梯，升降机
eligible,adj.符合条件的，合格的
eloquent,adj.雄辩的，口才流利的，有说服力的
embark,"v.上船/飞机/汽车；（on,upon）从事，着手，开始工作"
embarrass,vt.使窘迫，使局促不安
emigrate,v.移居外国（或外地区）
emit,vt.发出，散发（光、热、电、声音、液体、气味等），发射
empire,n.帝国
empirical,adj.以观察或实验为依据的，经验主义的
empty,adj.空的，空洞的，空虚的v.把…腾出来，倒空 
empathy,n.同感，共鸣，同情
fee,n.学费，会费；酬金
feeble,adj.虚弱的，无力的；软弱的，无效的
grief,n.忧伤，悲伤；伤心事
grieve,v.（使）悲伤，（使）伤心
grin,v.露齿而笑，咧着嘴笑；露齿笑着表示 n.露齿笑
grind,v.磨，磨碎，碾碎；苦心地教（或学）
office,"n.办公室，办事处；职务，公职；部,局，处"
officer,n.官员，办事员；军官
official,n.官员，行政官员 adj.官方的，正式的，公务的
基础词Unit7,
sick,adj.有病的，患病；恶心的，想吐的
side,n.侧面，旁边，一边；一方，一派，方面 V.站在...的一边
sideways,adv.侧身地，横着，斜着 adj.斜向一边的
siege,"n./v.包围，围攻;说服,劝诱;长期折磨"
sigh,n./v.叹息，叹息声
sight,n.视力，视觉；望见，瞥见； 视野，眼界；情景，奇观
sightseeing,n.观光，游览
silence,n.寂静，沉默 vt.使沉默，使安静
silent,adj.寂静的，无声的；沉默的
silicon,n.硅
silly,adj.傻的，愚蠢的，糊涂的
silver,n.银；银器，银币 vt.镀银
thread,n.线，现状物；思绪，思路；螺纹，（唱片的）纹，槽 vt.穿（针、线等）；穿过，通过
threshold,n.门槛，入门，开端
throne,n.王位，君权
throw,v.扔，掷，投
thrust,v.（用力）推，刺，戳，插，挤 n.猛推，插，一刺；劲头，推动力
unfold,v.展开，打开；展现，披露
unfortunately,adv.不幸地
uniform,adj.不变的，相同的，均匀的，统一的n.制服，特种衣服
unit,n.单位，单元；部件，元件，装置
unite,v.联合，团结；统一，合并
unity,n.团结，统一；一致，和谐；整体
violet,n.紫罗兰；蓝紫色 adj.野生紫罗兰色的；蓝紫色的
virgin,adj.纯净的，原始的，未开垦的 n.处女，未婚女子；童男
virus,n.病毒，（精神、道德方面）有害影响
vocal,adj.声音的，有声的；口头的；歌唱的 n.元音；声乐作品
vocation,n.职业，行业
voice,n.声音，嗓音；语态 vt.说出，表达
volatile,adj.（人或其情绪）易变的，无定性的，无常性的； （情况）可能急剧波动的，不稳定的，易恶化的；（物质）易挥发的，易发散的
volcano,n.火山
voyage,n.航海，航程 vt.航海，航行，旅行
waterfall,n.瀑布
waterproof,adj.不透气的，防水的
wave,n.波浪，波；（挥手）示意，致意；漂扬，起伏 v.示意，致意；飘动，挥动
wax,n.蜡，蜂蜡 vt.打蜡
although,conj.虽然，尽管，即使
altitude,n.高度，海拔
altogether,adv.总共；完全地，全部地；总之
ambassador,n.大使
amiable,adj.亲切的，和蔼可亲的
amid,prep.在...中
belly,n.腹部 v. (out)涨满；凸起
beloved,n.爱人，心爱的人 adj.受爱戴的，敬爱的
below,prep.在...下面，在...以下 adv.在下面，向下
belt,n.（皮）带，腰带；地带
bench,n.工作台；长凳，条凳
clap,v.拍手，拍；轻拍 n.拍手，掌声；霹雳声
clarify,v.澄清，阐明；除去杂质，使澄清
clarity,n.清晰，明晰
clash,v.碰撞；冲突 n.碰撞（声）；冲突
clasp,n.拥抱，握手；扣子，钩子 v.握手，紧抱
class,n.级别，年级；（一节）课；阶级，阶层；等级 ，类别vt.把...分类
classic,n.杰作，名著 adj.第一流的，不朽的，古典的
classical,adj.经典的，古典（文学）的
classification,n.分类，门类
classify,vt.分类，分等级
clause,n.（正式文件或法律文件的）条款；从句，分句
depart,vi.离开，启程；离职
departure,n.离开，启程；背离；违反；逾越
depict,vt.描绘，描述
deplete,v.（常用被动态）大量减少，耗尽，使枯竭
deplore,v.公开谴责；强烈反对
deploy,v.部署，调度（军队或武器）；有效地利用，调动
depth,n.深度
deputy,n.代理人，副手
enclose,vt.（从四面八方）围住，包围，圈（公地）为私有；封入，含有
enclosure,n.围住，圈占（地）
gorgeous,adj.华丽的，灿烂的； 宜人的，爽快的，豪华的
gossip,n.流言蜚语；闲聊；爱说长道短的人 v.传播流言蜚语；闲聊
gown,n.长袍，法衣，礼服，睡袍
grade,n.（产品、材料的）等级，品级；（官衔的）级别；职别；成绩等级; 年级；程度；（音乐考试的）级别水平 v.给…评分；给...分数；分级，分类
grain,n.谷物，谷类；颗粒，细粒
gram gramme,n.克
hedge,n.（矮树）树篱；保护手段 v.用树篱围住；避免正面答复，拒绝承认
heel,n.脚后跟
height,n.高，高度，高地，高处
heighten,vt.提高，升高，使加强
heir,n.继承人
helicopter,n.直升机
hell,n.地狱，阴间；苦境，极大痛苦
helmet,n.头盔，钢盔
helpful,adj.有帮助的，有益的，有用的
hemisphere,n.半球
hence,adv.从此，今后；因此
henceforth,adv.今后
herald,v.是（某事）的前兆；预示；宣布 n.预兆；信使，传令官，使者
herb,n.药草，（调味用的）香草，草本植物
herd,v.放牧，把…赶到一起；群集 ，聚在一起n.兽群，牧群
heritage,n.遗产，继承物；传统
基础词Unit8,
bloom,n.花开（期）；花朵 v.开花；变得健康（或快活、自信）；繁荣，兴盛
blossom,n.花；一片花 vi.开花
blow,v.吹响（乐器、号角）；吹，充气；爆炸，爆裂；（保险丝）断掉 n.殴打，打击
blueprint,n.蓝图，设计图；计划 
blunder,vi.犯大错；踉踉跄跄地走n.大错
blunt,adj.钝的；率直的，直言不讳的 v.（使）钝的，使迟钝；使减弱
blur,n.模糊不清 V.使模糊，使看不清
blush,v.（因害羞、激动、窘困等）脸红；羞愧，发窘 n.脸红
praise,v.赞扬，称赞； n.称赞，赞美，赞美的话
pray,v.请求，恳求；祈祷，祈求
prayer,n.祈祷，祷告，祷文
resemblance,n.相似，相似处
resemble,vt.像，类似
reservoir,n.水库，蓄水池
residence,n.住处，住宅
resident,n.居民，常住者 adj.居住的
resign,"v.辞退,引退；听任,顺从;放弃，抛弃"
resolute,adj.坚决的，果断的
resolution,"n.坚定，决心;决定,决议;解决，分解"
resolve,"v.解决,消除;决定，决心;分解，解析 n.决心，决定，决议"
specimen,n.标本，样本
spectacle,n.景象，奇观，壮观，场面； 眼镜，护目镜
spectator,n.旁观者，观众
spectrum,n.光，光谱；频谱；范围，系列
sphere,n.球，球体；范围，领域
spicy,adj.辛辣的，加香料的；有刺激性的， 有趣味的；下流的
spill,v.溢出，溅出；摔下，跌下 n.摔下，跌下
spin,v.纺线，纺纱;旋转；吐丝；结网；编织 n.旋转，自转
spine,n.脊柱；书脊；（植物或动物的）刺
spiral,n.螺旋；连续升降；徒升或骤降 adj.螺旋形的，盘旋的，上升的；v.盘旋
spirit,n.精神；气概，志气；情绪，心情； 酒精，烈酒
spiritual,adj.精神上的，心灵的
spit,v.吐出；吐痰 n.唾液
spite,n.恶意，怨恨 v.刁难，使恼怒
splash,v.溅泼；溅湿 n.溅，泼
splendid,adj.华丽的，精美的；极好的 壮丽的，辉煌的
split,v.劈开，切开，裂开；分裂，分离 n.裂口，裂缝；分裂，分化
spontaneous,adj.自发的，自然产生的
spot,v.玷污，弄肮；发现，认出 n.斑点，污点；地点，场所
spouse,n.配偶（指夫或妻）；夫妇
timber,n.木材，木料
time,n.时间，时刻；时机；时期，时势；次，回；倍 v.测定...时间；为...定时；调整，调准
timely,adj.及时的，适时的
timid,adj.胆怯的，懦弱的
tin,n.罐头，锡
tiny,adj.极小的，微小的
tower,n.塔，塔楼，高楼 v.高耸，屹立
toxic,adj.有毒的，中毒的
wicked,adj.缺德的，邪恶的，恶劣的； 淘气的，顽皮的
widow,n.寡妇
width,n.宽度，宽阔，广阔
wild,adj.野性的，野生的，野蛮的；荒芜的， 狂热的，疯狂的
wind,v.绕，缠；包，裹；上发条；迂回，蜿 蜒；迂回而行 n.风，气流；气味；肠气，胃气；气息；呼吸
wink,n.眨眼；瞬间，一会儿 v.眨眼，使眼色；（指光、星）闪烁
arm,n.手臂，臂状物 v.武装，装备
army,n.军队（总称）；陆军；一大群
congratulate,vt. (on)祝贺，贺喜
congratulation,n. (on)祝贺；(pl.)贺词
conjunction,n.连接；联合；连词
conquer,vt.征服，占领
conquest,n.征服，战胜
disaster,n.天灾，灾难
disastrous,adj.灾难性的
discard,vt.丢弃，抛弃
discern,v.看出，察觉出；识别，区别
era,n.时代，纪元
erase,vt.擦掉，抹掉，消除
erect,adj.竖直的，垂直的，竖起的 v.竖立，使直立；架设，建造
erode,v.侵蚀，腐蚀，风化； 逐渐毁坏，削弱，损害
erosion,n.侵蚀，腐蚀；磨损；削弱，减少
erroneous,adj.错误的，不正确的
error,n.错误，过失
erupt,v.（火山、喷泉等）喷发；（战争、冲突、危机、问题等）爆发，突然发生
escalate,v.逐渐增长或发展
escort,n.护卫队，护送；陪伴异性的人（在社交场合） vt.护送某人
foam,v.起泡沫 n.泡沫
focus,n.焦点，焦距；（活动、兴趣等的）中心 v. (on)使聚集，集中
fog,n.雾 v.雾气笼罩（某物）；有雾气
guitar,n.吉他，六弦琴 v.弹吉他
gulf,n.海湾；分歧，鸿沟
nourish,vt.养育；滋养，施肥于；怀抱（希望、仇恨等）； 培育，助长，支持
novel,adj.新颖的，新奇的 n.长篇小说
novelty,n.新奇，新颖
nowadays,adv.现今，现在
nowhere,adv.任何地方都不，哪都没有
基础词Unit9,
tie,vt.扎，系，捆 n.领带，领结；联系，关系，纽带；束缚，约束
tide,n.潮，潮汐，潮流，趋势
tidy,adj.整洁的，整齐的，有条理的，工整的；（钱）相当大的，可观的 v.整理，收拾
tight,adj.紧的，紧身的，装紧的；密封的，不透...的 adv.紧紧地
tile,n.瓦片，瓷砖
tilt,v.（使）倾斜，（使）倾侧 n.歪，倾向
weekday,n.平常日，工作日
weekly,adj.每周的，一周一次的 n.周刊，周报；adv.每周一次地
weed,n.杂草，野草 v.除草；（out）清除，淘汰
weep,v.为...哭泣，流泪；渗出 n.哭泣，眼泪
well-known,adj.有名的，著名的
wet,adj.湿的，潮湿的；有雨的，多雨的 v.弄湿，沾湿
ancestor,n.祖先，祖宗；先驱；原型
ancient,adj.古老的，古代的
and,conj.和，与，同，又，而； ［口］用于百位数与紧跟的数之间； 然后，接着；...为了；那么；结果是，就； 接连，又，愈来愈
anecdote,n.轶事，奇闻
angel,n.天使
angle,n.角；角度，观点
anger,n.怒，怒气，怒火 v.使发怒，激怒
angry,adj.愤怒的，生气的；（天气等）恶劣的，狂怒的
ankle,n.踝
anniversary,n.周年，周年纪念日
announce,v.宣布，声称；宣布…的到达（或出席）
antenna,n.天线；触角，触须；直觉，感觉
antique,adj.古老的，因古老和稀少而珍贵的； 旧式的，过时的 n.古物，古董；古式，古风
bet,v.打赌，赌博 n.打赌，赌注
betray,v.背叛，出卖；暴露，流露，泄露
better,adj.较好的，更好的；adv.更好地 n.较佳者，较优者；v.改善，提高；胜过，超过
between,prep.在两者之间 adv.当中，中间
beware,"v. (of)当心,谨防"
bewilder,vt.使迷惑，使糊涂
beyond,prep.在…的那边，远于；迟于，晚于；超出（理解、所及或范围等）
cloth,n.（一块）布，织物，衣料
clothe,vt.给穿衣，提供衣服
clothes,n.衣服，服装
clothing,n.衣物，（尤指某种类型的）服装
cloud,n.云；造成不愉快或不明朗的事情
cloudy,adj.多云的，阴天的； 浑浊的，模糊的
clue,n.线索；暗示
clumsy,adj.笨拙的；无策略的，无技巧的；制作简陋的
cluster,n.（果实、花灯的）串，束，簇；（人或物）的群，组 vi.丛生；群集，聚集
clutch,v.紧紧抓住 n.把握，控制；（汽车、机器等的）离合器
desolate,adj.孤独凄凉的，可怜的；荒芜的，不毛的 vt.感到凄凉，使悲惨；使荒芜
despair,n.绝望 v. (of)对...绝望
desperate,adj.绝望的，极其严重的； 不顾一切的，拼死的
destination,n.目的地，终点
destiny,n.命运，命中注定的事
destruction,n.破坏，消灭
destructive,adj.破坏性的，毁灭性的
engine,n.发动机，引擎；火车头
engineer,n.工程师
engineering,n.工程学
enormous,adj.巨大的，庞大的
enquire inquire,v.询问，打听
enrich,vt.使丰富，充实；使肥沃；使富足
enrol enroll,v.登记（名字等），记录；吸收成员，招生
final,adj.最终的，决定性的
finally,adv.（用于例举）最后；最终，终于； 决定性地，彻底地
fine,adj.晴朗的;美好的；优秀的 adv.好，妙，精巧 n.罚金，罚款 v.处以罚款
finish,v.结束，完成 n.结尾，末尾，最后阶段
fire,n.火；热情，激情；射击，火力 v.开火，射击；解雇；激起，激发
fireman,n.消防队员；司炉火，烧火工人
fireplace,n.壁炉
fiscal,adj.财政的；国库的；国家岁入的
fish,v.捕鱼，钓鱼；捞取，掏出 ，探出n.鱼，鱼类
fisherman,n.渔民，渔夫；捕鱼船
inn,n.小旅馆，客栈
inner,adj.内部的，里面的；内心的
innumerable,adj.无数的，数不清的
input,n.输入 vt.输入
inquiry enquiry,n.询问，打听，调查
lecture,v.向…演讲，给…讲课 n.演讲，讲课
legacy,n.遗赠物，遗产；后遗症
legend,n.传说，传奇
lend,vt.借给，贷款；给予，添加，提供
lens,n.透镜，镜头
lest,"conj.唯恐,免得"
poke,v.戳，刺，捅；伸出；拨弄 n.捅，戳，刺
polar,adj.［天］两极的，极地的；正好相反的
pole,n.柱，杆；地板，磁极，电极
pollute,vt.弄脏，污染
pollution,n.污染
pool,n.水池，游泳池；一滩，一片； 联营，联合投资 v.集中资源
remark,"v. (on,upon)评论，议论 n.话语，评论；引人注目的；显耀"
remarkable,adj.值得注意的，非凡的，卓越的
greedy,adj.贪吃的，贪婪的，渴望的
green,"adj.绿的,青的；未熟的，嫩的 n.绿色；蔬菜，植物"
greenhouse,n.温室
greet,vt.问候，招呼；对…做出反应； 被...感知
greeting,n.问候，致敬
基础词Unit10,
snap,n.猛咬；突然折断；劈啪声 v.猛咬;抓住;谩骂；突然折断;使劈啪地响adj.突然的
snatch,v.夺得，一把抓住；抓机会做，抽空做 n.夺取，抢夺
sneak,v.偷偷地走，潜行；偷窃 n.鬼鬼祟祟的人；偷偷摸摸的行为adj.不声不响进行的，偷偷的
sneeze,n.喷嚏；轻视 vi.打喷嚏
sniff,v.用力吸气，嗅，闻到
snobbish,adj.势利的；自命不凡的
detective,n.侦探
detector,n.探测器
deviate,v. (from)背离，偏离
devil,n.魔鬼
devote,vt.将...献给(to)；把...专用于(to)
fix,v.使固定，安装；确定，决定
fixture,n.固定，固定物
flame,n.火焰，火苗；热情；光辉 vi.燃烧
flap,n.垂下物，帽檐，袋盖；慌乱，紧张 v.拍打，拍动
flare,n.闪烁，闪光；（声音、感情、怒气等）突发 v.闪耀，燃烧；照耀，发光；突然发怒（或激动）
flash,n.闪光，闪烁 v.闪光，闪耀；闪现
flat,adj.平坦的，扁平的；断然的，绝对的；无生气 的，乏味的；    n.平面，平坦部分
flatter,vt.奉承；使高兴
flavour flavor,n.味道，风味 vt.使...调味，加味于
flee,v..逃走，逃掉；逃避，逃离；消失
flesh,n.肉，肌肉
flight,n.飞翔，飞行；航班，航行； 逃跑，溃退；楼梯的一段
any,adj.任何的，一些的；什么 pron.任何人，任何东西；adv.稍，丝毫
anybody,pron.任何人，无论谁；重要人物
anyhow ,adv.不管怎样，无论如何 ；不论用何种方法
anything,pron.不论任何东西； （but）除…以外任何事；根本不 n.严重事情；具有重要性的人/事物 adv.在任何方面，在任何程度上
anyway ,adv.无论如何 
anywhere,adv.在任何地方，无论哪里
asset                       ,n.资产，财产；有用的资源，宝贵的人或（物），有价值的人或（物）
assign,vt.分配，委派；指定（时间、地点等）
assignment,n.分配，委派；任务；（课外）作业
bibliography,n.书目，文献目录
bin,n.箱柜
bind,v.捆扎，绑，束缚
biography,n.传记
biology,n.生物学
bit,n.一点，一片，一些
bite,n.一口；（表演、文章等的）影响力，感染力，尖锐，犀利 v.咬，叮
bitter,adj.（有）苦味的；痛苦的，惨痛的
bizarre,adj.（指态度、容貌、款式等）奇异的，古怪的
coherent,adj. 一致的，协调的
cohesive,adj.粘着的，有结合力的
coin,n.硬币，金属货币 vt.铸币；发明，杜撰
coke,n.焦煤，焦炭；可卡因；可口可乐 v.将（煤）制成焦炭
collaborate,vi.（尤指在文艺、科学等方面）合作，协作
collar,n.衣领；（狗等的）项圈
colonel,n.（陆军）上校
colonial,adj.殖民地的
colony,n.殖民地；聚集人群，聚居地区； 群，群体
combination,n.结合，联合；化合物
enthusiasm,n.热情，热心
enthusiastic,adj.热情的，热心的
entire,adj.整体的，全部的，完整的
entitle,"vt.给(书、文章等)题名； (to)给…权利,给...资格"
entity,n.实体，存在物
entrepreneur,n.企业家；承包人，主办人，促进者
entrance,n.入口，门口；进入；入学，入会
entry,n.进入，入口；(to)通道；记载，条目
whale,n.鲸；巨大的人或物 v.捕鲸；殴打，猛击
whatever,pron.无论什么，不管怎样 adj.无论什么样的
whenever,conj.无论何时，随时，每当
whereas,"conj.而,却，反之；考虑到...；鉴于"
whereby ,adv.凭此，借以，由于 
wherever,conj.在任何地方 adv.究竟在哪里；无论在哪里，无论到哪里
whichever,pron. adj.无论哪个，无论哪些
while,conj.当…的时候，在...期间；然而； 尽管，虽然 n. 一段时间，一会儿 v. (away)消磨
whip,n.鞭子 v.抽打，鞭笞；搅打，打成泡沫；偷（某物）
whistle,v.吹口哨，鸣笛 n. 口哨，鸣笛；口哨声，汽笛声
whoever,pron.谁；无论谁，不管谁；究竟是谁
基础词Unit11,
sob,v.哭泣，呜咽 n.哭泣，呜咽
sober,adj.未醉的；冷静的，清醒的；认真的，审慎的
software,n.软件
soil,n.泥土，土壤；国土，国家 v.弄脏，弄污；损害，玷污
solar,adj.太阳的，日光的，太阳能的
sole,adj.单独的，唯一的
solemn,adj.庄严的，隆重的，严肃的
solid,adj.固体的，实心的；结实的，稳固的，可靠的 n.固体
solidarity,n.团结一致，共同责任，休戚相关
solo,n.独奏曲 adj.单独的
somewhat,adv.稍微，有点儿
hierarchy,n.等级制度；统治集团，领导层
hijack,vt.劫持
hike,n.远足，徒步旅行；（价格、价值等的）提高，增加 v.作远足旅行，作徒步旅行；提高（价格等）
historical,adj.历史的，历史上的；有关历史的
historian,n.历史学家
hinge,n.合页，钗链
hip,"n.臀部，屁股 adj.新潮的,赶时髦的"
hire,n.雇佣，租借 v. 雇用，租借
insert,vt.插入，嵌入
inside,adj.里面的，内部的，内幕的 adv.在里面，在内部；n.内部，里面，内侧 prep.在...里，在…内
insight,n.洞察力，见识
insist,vi. (on)坚决要求，坚决主张，坚持
inspect,vt.视察；检查，调查
inspiration,n.灵感；鼓舞，激励
inspire,v.鼓舞，激起；使产生灵感；促使，导致
lick,vt. /n.舔
lid,n.盖，盖子
lie,"n.谎话，谎舌 vi.说谎；躺,平放；位于"
life,n.生命，生物；人生，生活
lifetime,n. 一生，终生
lift,v.提，举；解除；升起；消散 n.电梯；升降机
merchandise,n.商品，货物
merchant,n.商人，零售商
mercury,n.水银，水银柱
mercy,n.怜悯，宽恕，仁慈；幸运，侥幸
merge,v.合并，并入，结合，融合
merit,n.长处，优点；价值，功绩；荣誉，奖赏 vt.值得；应受
merry,adj.欢乐的，愉快的
metal,n.金属，金属制品
metaphor,n.隐喻，暗喻
metre meter,"n.米,公尺；（诗的）韵律，格律；拍子"
metric,adj.米制的，公制的，十进制的； 度量的，测量的
metropolitan,adj.首都的，主要都市的
none,pron.没有人，没有任何东西；…中任何一个都不； 谁也不，哪个也不； adv.一点儿也不
nonsense,n.胡说，废话，无意义的言谈或文字
oral,adj. 口头的，口述的
orbit,n.轨道 v.使沿轨道运行
order,n.(pl.)命令;次序，顺序；订购，订货单，等级 v.制定，订购
orderly,adj.整齐的，有秩序的，有条理的 n.（医院的）勤杂工；勤务兵
ordinary,adj.普通的，平凡的，平常的
orient,n.东方，东方国家 v.使适应，使熟悉；给…定向；以...为目的，重视
oriental,adj.东方的，东方人的
orientation,n.定向，确定方向；方向，目标； （某人在信仰或偏好上基本的）态度，取向；（任职等前的）培训，训练；迎新会
pop,n.现代流行风格；砰的一声 adj.通俗的；流行的；民众的 v.（使）劈啪作响
pope,n.（天主教的）教皇，教宗
popular,adj.流行的，通俗的，大众的； 广受欢迎的；有名的
porcelain,n.瓷器 adj.精制的，瓷制的
portable,adj.便于携带的，手提的，轻便的
porter,n.搬运工人；门房
portfolio,n.文件夹，公事包；作品；投资组合， 有价证券组合；（部长或大臣的）职责，职务；（公司或机构提供的）系列产品，系列服务
portrait,n.肖像，画像
portray,vt.描绘，描述；为某人画像；扮演，饰演
post,n.支柱，标杆；起点或终点标志；邮政，邮寄; 职位，岗位，哨所； v.贴出；宣布，公告；投寄，邮递
postage,n.邮费，邮资
poster,n.招贴画，海报，广告
postman,n.邮递员
postpone,vt.延迟，延缓，延期
posture,n.姿势;态度，看法；心情，心境 v.摆姿势，故作姿态
remnant,"n.残余，剩余；遗迹；幸存者 adj.剩余的,残留的"
renaissance,n.文艺复兴，文艺复兴时期；任何类似的复兴，再生 adj.文艺复兴式的
renew,v.更新，恢复，更换；补充，加强； 重新开始，继续进行；续借，延期
renovate,vt.革新，更新；修复，整修
rent,n.租金 vt.租，租凭
repair,vt.修理，修补；补救，偿还 n.修理，修补
repay,v.付还，偿还，报答
repeat,vt./n.重复，重说，重做
repeatedly,adv.重复地，再三地
repel,vt.击退，抵制，排斥；使厌恶
repertoire,n.（准备好演出的）节目，保留剧目；（某个人的）全部技能； 所有组成部分
repetition,n.重复，反复
tire,v.（使）疲倦，（使）厌倦 n.轮胎
tiresome,adj.使人厌倦的，讨厌的
tissue,n.织物，薄绢，薄纸;（动、植物的）组织
toil,v.（长时间）苦干，辛勤劳作；艰难缓慢地移动跋涉 n.苦工；劳累的工作
blade,n.刀刃，刀片；叶片；剑；剑客
blame,vt. （for）责备，责怪；归咎于；负责 n.指责，责备；（过错、事故等的）责任
blast,n. 一阵风，一阵气流;爆炸;猛烈的抨击; 吹奏，突然发出的响声；爆炸，爆破；猛烈地抨击 vt.炸，炸掉；猛烈抨击
blaze,n.火焰，烈火；强烈的光；（感情等的）迸发，爆发 v.熊熊燃烧，冒火焰；发光，放光彩； 宣传，传播；迸发，爆发
基础词Unit12,
apartment,n.房间，套间；公寓
ape,n.类人猿 v. （为了取笑而）模仿；模仿，照搬
apologize apologise,vi. 道歉，认错
apology,n.道歉，歉意，认错
bleak,adj.荒凉的；暗淡的；无希望的
bleed,v.出血，流血
blend,n.混合物 v.混合，混杂；使混合
bless,vt.祝福，保佑
comfort,n.舒适；安慰 vt.安慰；使舒适
come,vi.出现于，位于；开始，碰巧； 产生于，来自；变成，成为
comedy,n.喜剧；某事情的有趣方面；幽默
comet,n.彗星；扫把星
comic,n.喜剧演员；连环画册 adj.可笑的，滑稽的；喜剧的，有喜剧成分的
commemorate,vt.纪念，庆祝
commence,v.开始；着手
commonplace,adj.平凡的；陈腐的
commonwealth,n.共和国，联邦，共同体
commute,v.乘公交车辆上下班；通勤；判刑
diabetes,n.糖尿病，多尿症
diagnose,vt.诊断，判断
diagram,n.图解，图表
dial,n.钟表面，刻度盘，拨号盘 v.拨号，打电话
dialect,n.方言
diameter,n.直径；放大率，放大倍数
dictate,v.指示，命令；口授，使听写
dictation,n.听写，口授
diet,n.饮食，食物
differentiate,v.使不同；区分，区别
dig,"vi.挖,掘"
digest, v.消化n.摘要，文摘
digital,adj.数字的;数码的
dignity,n.（举止、态度等）庄严，尊严
envisage,vt.展望，想象；正视，面对（事实等）
envy,vt./n.羡慕，妒忌
equal,"adj. （in,to）相等的；平等的；（to）能胜任的 n.（地位）相等的人，对等的事物"
equality,n.同等，平等
equivalent,adj.相等的，相同的 n.相等物，等价物
equation,n.等式，方程式
equator,n.赤道
float,v.浮动，飘动 n.救生筏
flock,vi.群集，成群结队 n. 一群，群；大量，众多
flood,n.洪水，水灾 v. （in）涌进;泛滥；淹没
flow,v.流，流动 n.流量，流速
flu,n.流行性感冒
fluctuate,v.波动，起伏；（市价）涨落；（人）动摇
fluent,adj.流利的，流畅的
fluid,adj.流动的，液体的 n.流体，液体
flush,v.脸红；奔流；冲洗；兴奋；得意 n.脸红；奔流；红光；冲洗； 兴奋；喜悦；萌芽 adj.富裕的，充足的；齐平的，同高的
fly,n.苍蝇，（会飞的）昆虫 v.（指鸟或昆虫）飞翔；飞行，航行；驾驶（飞机等），操纵（飞行器等）；空运 adj.机灵的，精明的
microphone,n.话筒，扩音器
microscope,n.显微镜
midst,n.中间，当中
migrate,v.移居，迁移；迁徙
mild,adj.温暖的，温和的；轻微的；（烟、酒）味淡的
millionaire,n.百万富翁，大富翁
mill,n.作坊，工厂；磨粉机，磨坊
nostalgic,adj.怀旧的，乡愁的，令人怀念的
notable,adj.显著的，值得注意的；著名的
nothing,pron.没有什么东西，什么也没有；微不足道的事物 adv.—点也不
notice,vt.注意到 n.通知，通告；注意
notify,vt.通告，告知
notorious,adj.臭名昭著的
notwithstanding,prep./adv.虽然，尽管
ornament,n.装饰品，点缀品；增添光彩的人 vt.装饰，点缀
orthodox,adj.正统的，正宗的；传统的，符合社会习俗的
pot,n.罐，壶
pound,n.英镑；磅 v.连续猛击，敲打，捣碎
powder,n.粉末，药粉；火药，炸药
represent,v.代表，象征；表述，描述；体现，反映
representative,n.代表，代理人 adj. (of)有代表性的，典型的
repression,n.镇压，抑制，抑压
reproach,n.责备，指责，斥责，批评 vt.责备，指责，斥责，批评
reproduce,v.生殖，繁殖；翻版，复制，仿造
republic,n.共和国，共和政体
republican,adj.共和的
sore,adj.痛的，痛苦的，痛心的；难堪的，生气的 n.痛处，疮
sorrow,n.悲哀，悲痛
so-called,"adj.所谓的,号称的"
spark,n.火花，火星；丝毫，一点儿，极微的量 v. 发火花，闪耀；点燃，触发，发动，激发
sparkle,vi. 发光，闪耀；（才智等）焕发，活跃
space,n.间隔，距离；空地，余地；空间，太空 v.留间隔，隔开
spacecraft,n.宇宙飞船
spaceship,n.宇宙飞船
spacious,adj.广阔的，大规模的；宽裕的；广博的
基础词Unit13,
beast,n.兽，牲畜；凶残的人，举止粗野的人
beat,n.敲打，敲击声，节拍；（心脏等）跳动，搏动 v.打，敲；战胜，打败；（心脏）跳动，搏动
before,prep.在...前面；在...以前，当着...的面 conj.在...之前；adv.前面，从前，早些时候
blind,adj.瞎的，盲目的 vt.使失明；蒙蔽
block,n.大块木料（石料、金属）；一排房子，街区；阻塞，障碍物 vt.阻塞，阻碍，封锁
blood,n.血；血统，宗教，血气，气质
bloody,adj.流血的，血腥的
tomb,n.坟，冢
tongue,n.舌头；语言；（动物的）舌，舌肉；舌状物
tool,n.工具
top,adj.最高的；n.顶部，上边，上面；首位，最高位 vt.高过，超过，到达…的顶部
torch,n.火炬，火把，手电筒
torment,n.痛苦，苦恼 vt.折磨，欺负，虐待，使苦恼
torture,vt.拷打，拷问；折磨，痛苦；歪曲，扭曲 n.拷打；折磨，痛苦；歪曲，曲解
torrent,n.激流，山洪
whole,adj.完全的，整体的，全部的 n.全部，全体，完整
wholly,adv.完全地，全部地，一概
wholesome,adj.健康的，有益于健康的；显示健康的
appal/appall,vt.使沮丧，使惊骇
apparatus,n.器械，设备，仪器，装置；（尤指政府或政党的）机构，组织；器官
appendix,n.附录，附属物；阑尾
appetite,n.胃口，食欲；欲望，爱好，要求
applaud,v.鼓掌，喝彩，叫好；称赞，赞成
applause,n.鼓掌，掌声
appraisal,n.评价，估价，鉴定，评定
approximate,"adj.近似的,大约的； v.近似，接近(to)"
arbitrary,adj.随心所欲的，个人武断的，专断的，任意的
arch,n.拱门，弓形结构 v.(使)拱起
compact,adj.紧密的，坚实的；集中的，紧凑的，袖珍的 v.使紧密结合，把…压实（或塞紧等）
companion,n.同伴，成双成对的物品之一
company,n.公司，商号；陪伴，同伴
compartment,n.卧车包房，（客车车厢内的）隔间；分隔的房间
compass,n.指南针，罗盘；圆规
compassion,n.同情，怜悯
compatible,adj.能共处的，合得来的；协调的，兼容的
composite,adj.合成的，复合的，混成的，集成的 n.合成物；混合客车；综合照片；混合式（建筑物）
compound,n.混合物，化合物 v.使混合
compulsory,adj.必须做的，义务的
compute,v.计算，估计
conceal,vt.隐藏，隐瞒，隐蔽
concede,v.承认某事属实、有效、合理等；将（某物）让出；承认自己输掉（一局、一次竞选等）
concert,n.音乐会，演奏会
concession,n.迁就，让步
dilemma,n.（进退两难的）窘境，困境
diligent,adj.勤奋的，用功的
dimension,n.尺寸，度量
dine,v.吃饭，进餐；请…吃饭，宴请
dinosaur,n.恐龙，守旧落伍的人；过时落后的东西
dioxide,n.二氧化物
dip,V.浸，蘸 n.洗澡，泡水
diploma,n.毕业文凭，学位证书
diplomatic,adj.外交的，圆滑的，策略的
direction,n.方向，方位；指令，说明
director,n.指导者，负责人，导演
directory,n.人名地址录，电话号码本
equip,"v.(with)装备,配备"
equipment,n.设备，器材，装置
equity,n.（公司的）股本，资产净值；（公司的）普通股；公平，公正
groan,n.呻吟 v.呻吟
grocer,n.食品店，杂货商
grope,v.摸索，探索；（企图）猥琐（某人）
hobby,n.业余爱好，嗜好，兴趣
hollow,adj.空的，空心的；空洞的，空虚的 vt.挖空，凿空
homogenous,adj.同种类的，同性质的，有相同特征的
honest,adj.诚实的，正直的
install/instal,vt.安装，设置
installation,n.安装，设置；装置，设备
installment,n.（故事分段连载或联播等的）一集；（分期付款的）一期付款
instance,n.例子，事件，例证
instant,adj.紧急的，急迫的，立即的，即刻的；（食品）已配制好的，速成的，方便的
instantaneous,adj.瞬时发生的，即刻的
limb,n.肢，翼，腿；大树枝
limp,adj.软的，松沓的；软弱的，无生气的 v.跛行
linear,adj.线的，直线的，线性的
linen,n.亚麻布，亚麻布制品
liner,n.班机，邮轮
linger,vi.逗留，徘徊；延续，慢慢度过
linguistic,adj.语言的，语言学的，语言研究的
mine,n.矿，矿山，矿井 v.采矿；布雷，（用雷）炸毁
mineral,n.矿物，矿石 adj.矿物的，矿质的
mingle ,v.（使）混合；（使）联合 
miniature,n.缩小的模型，缩图 adj.微型的，缩小的
minimize  minimise,v.使减少到最少，使降到最低
minimum,n.最低限度，最少量，最低点 adj.最低的，最小的
minister,n.部长，大臣
ministry,n.（政府的）部；牧师
minor,adj.较小的；较少的；较不重要的 n.副修科目 ，未成年人vi. （in）副修某科
minority,n.少数，少数派；少数民族
minus,adj.负的，减的；零下的 prep.减去；零下 n.负号，减号，负值；缺点，不足
minute,adj.微小的，细微的；详细的，细致的
基础词Unit14,
hop,v.单足跳，跳跃；做短途短期旅行 n.跳跃；短距离飞行；（非正式的）舞会
hook,n.钩，吊钩，钩状物 v.用钩子钓，钩住
hormone,n.激素；荷尔蒙
horn,n.（牛羊等的）角，触角；号，喇叭
horrible,adj.令人恐怖的，可怕的； 极讨厌的，使人不愉快的
horror,n.恐怖，战栗
horsepower,n.马力
hose,v.用软管（淋浇、冲洗） n.水龙头，软管；长筒袜
instruct,vt.教，指导；命令，指示
instruction,n.教授，教育；命令，指示；用法说明（书），操作指南
instrument,n.工具，仪器，器械；乐器
instrumental,adj.仪器的，器械的；乐器的；有帮助的，起作用的
insulate,vt.隔音，使隔绝（以免受到影响）
insult,vt.侮辱，辱骂；攻击，袭击 n.侮辱，凌辱；损伤，危害
liquid,n.液体 adj.液体的，液态的
liquor,n.酒，烈性酒；汁，液，汤
litter,n.乱七八糟的东西，杂物，废弃物；一窝；担架 v.乱扔；下崽，产仔
miracle,n.奇迹，令人惊奇的人/事
mirror,n.镜子；反映，反射 vt.反映，反射，映照
mischief,n.损害，伤害，危害； 恶作剧，捣蛋，胡闹
misfortune,n.不幸，灾祸，灾难
miss,v.未击中，错过，没达到；想念，惦念
missile,n.导弹，发射物
missing,adj.漏掉的，失去的，失踪的
mission,n.任务，使命；传教，布道；使团，代表团
missionary,n.传教士 adj.传教的，传教士的
nuclear,adj.原子的，核能的；核心的，中心的
nucleus,n.核，核心，中心
preclude,vt. (from)阻止某人做某事
predominant,adj.占优势的，居支配地位的；主要的，突出的
pregnant,adj.怀孕的；重要的；富有成果的
rest,n.休息，睡眠；停止，静止；剩余部分，其余；(the~)其余的人/物； v.休息，睡；放，靠，搁在
restless,adj.得不到休息的；不平静的；不安的，坐立不安的
spray,n.浪花，水花；喷雾，喷雾状物 v.喷，喷射，扫射
spring,n.春天；跳，跃；泉，源泉；弹簧，发条 v.跳，跳跃
sprinkle,vt.洒，喷，淋
sprout,v.抽条，发芽，长出；迅速成长，迅速出现 n.新芽，嫩芽
square,n.正方形；广场；平方 adj.正方形的，平方的；结实的；乏味的 ，古板的v.使成方形，求平方，求…的面积；打成平局；使协调一致；贿赂，收买
squeeze,v.榨，挤；硬挤，硬塞 n.榨，挤压；拮据，短缺
stab,n.刺，戳；猛的一击，突发的一阵 v.刺，戳；刺伤，刺痛
stack,n.整齐的一叠（或一堆）；大量，许多 vt.堆积，堆起
stagger,"v./n.摇晃,蹒跚，摇摆"
stagnant,adj.（水或空气）不流动而污浊的；停滞的；不发展的；无变化的
stagnate,v.（单独使用的动词）停滞，不发展的，不进步的
trade,n.贸易，商业，职业 v.从事贸易；进行交换
trademark,n.商标
traffic,n.交通，交通量
around,adv.各处，到处；周围，在附近；大约 prep.在周围，在...附近，在...各地
arrange,v.整理，排列，布置；安排，筹备
arrest,vt.逮捕，拘留；阻止，抑制
arrive,vi.到，来到；达到；得到；成名，成就
arrival,n.到达，到来；到达的人或物
arrogant,adj.傲慢的，自大的
arrow,n.箭（状物），箭头（符号）
conscience,n.良知，良心
conscientious,adj.认真的，勤勤恳恳的
consecutive,adj.连续的，串联的，连贯的
consensus,n.（意见等）一致，一致同意
consent,v./n.同意，赞同，准许
consolidate,v.巩固，加强；合并，统一
conspicuous,adj.显眼的，明显的，引人注目的
conspiracy,n.阴谋活动（尤指共谋犯罪）；阴谋，共谋
consult,v.请教，与...商量；查阅，查看；（with）商量，商议
consultant,n.顾问，会诊医师
wipe,v.擦，拭；消灭，使消灭 n.抹，擦，拭
wire,n.金属丝，金属线；电线；电话 v.打电报给，用电报传送
wise,adj.有智慧的，聪明的；英明的，明智的
wisdom,n.智慧，明智；名言，格言
witch,n.巫婆，女巫
withhold,v.拒绝，不给；抑制，制止
within,prep.在...里面，在...以内 adv.在内部
withstand,vt.经受，承受，顶住，抵抗
基础词Unit15,
gallery,n.画廊，美术馆；长廊，走廊，狭长的房间
galaxy,n.星系；银河系；一群（杰出或著名的人物）
peel,v.剥落，脱落；脱衣；削皮，剥皮 n.(水果、蔬菜、嫩枝等的)皮
peep,vi.（尤指从小孔等）偷看，窥视
penalty,n.处罚，惩罚
penetrate,v.穿透，渗入；识穿，看破；洞察，了解
peninsula,n.半岛
penny,n.便士，少量的钱
pension,n.养老金，抚恤金
people,n.人民，民众；民族
perfume,n.香水，香料，香气 vt.使充满香气，洒香水于
permanent,"adj.永久的,持久的"
permeate,v. (through)透入，充满，渗透，弥漫
permission,n.允许，同意
permit,n.通行证，许可证，执照 v.许可，允许
quantify,vt.确定...的数量，用数量表示，测量
quantitative,adj.数量的，定量的
quantity,n.量，数量；数额，数目；大量，大批，众多
race,n.竞赛，赛跑；种族，人种 v.竞赛，赛跑；使迅速到达
racial,adj.种族的
rack,n.架子，支架，行李架；（肉体或精神上的）剧烈痛苦 v.使（肉体或精神上）受剧烈痛苦，折磨
racket,n.喧闹，考验；球拍
radio,n.收音机，无线电讯，无线电广播 v.用无线电发送讯息
radioactive,"adj.放射性的,放射引起的"
radius,n.半径（距离）；范围
rag,n.破布，碎布；（格调低下的）报纸，小报 v.嘲笑，愚弄，和...开玩笑
rage,n.（一阵）狂怒，（一阵）盛怒
raid,n.袭击，搜查 v.袭击，突然搜查
semester,n.学期
semiconductor,n.半导体
seminar,n.（大学的）研究班，研讨会
senate,n.参议院，上院
senator,n.参议员
sentence,n.句子；判决，宣判 vt.判决，宣判
sentiment,n.情操，情感，情绪，多愁善感；意见，观点
session,n.会议，（一届）会议，一段时间
sew,V.缝，缝纫
shine,vt.照耀，发光；擦亮 n.光，光泽
shipment,n.装船，装运，装载的货物，装载量
shiver,vi.战栗，发抖
shock,n.震动，冲击，电击；休克 vt.（使）震动，（使）震惊
shoot,v.射击，发散，开（枪），放（炮）；突然迅速地移动；发芽 n.狩猎，狩猎队，狩猎场；嫩枝，幼苗
shot,n.开枪，射击；投篮；弹丸，子弹
shore,n.海滨，湖滨
shortage,n.不足，缺少
shortcoming,n.短处，缺点
shorthand,n.速记
shove,"n.（口）推,挤 vt.（口）推挤,猛推；乱放，乱塞"
temple,n.庙宇，神殿，寺；太阳穴
tempo,n.节奏，行进速度；（音乐的）速度
tenant,n.承租人，房客，佃户
tender,adj.嫩的；脆弱的；温和的，温柔的，慈爱的；易受感动的；敏感的 v.提示，提供；（for）投标
tense,n.时态 adj.拉紧的，紧张的
tension,n.张力，拉力；紧张
tent,n.帐篷，帐棚
then,adv.当时，在那时；那么，因而；然后，于是；另外
thereafter,adv.此后，以后
thereby,adv.因此，从而
therefore,adv.因此，所以 conj.因此
vest,n.背心，马甲，汗衫，内衣
veteran,n.老手，老兵
veto,n.否决，否决权；禁止，反对 vt.否决，禁止，反对
walk,n.步行，散步，步行道 v.步行，走，散步
ward,n.病房；行政区；受监护人 v.保卫，守卫
wardrobe,n.衣柜，衣橱；全部服装，行头
warehouse,n.仓库，货栈
warfare,n.战争（状态），斗争，冲突
warmth,n.暖和，温暖；热心，热情
warn,v.警告，告诫
warrant,n.授权，批准；（正当）理由，根据；许可证 ，委任状，证书vt.授权给，批准；证明…是正当的；需要；值得；保证，担保，允诺
warranty,n.（商品）保修单
aerial,adj.空中的，航空的 n.天线
affluent,adj.丰富的，富裕的，繁荣的
afterward  afterwards,adv.后来，以后
against,prep.对（着），逆；反对；违反；靠近，倚在；对比；以…为背景
age,n.年龄；时代，时期 v.变化，老化，变成熟
coach,n.（铁路）客车厢，长途汽车；辅导员，教练 v.指导，辅导
coalition,n.联合，同盟
coarse,adj.粗糙的，粗劣的；粗鲁的，粗俗的
cognitive,adj.认知的，有关知识的
inject,vt.注射，注入
injure,v.使受伤；损害，伤害（名誉、自尊等）
injury,n.损伤，损害，毁坏
ink,n.墨水，墨汁，油墨 v.给…上油墨；签署，签订（合同等）
inland,adj.国内的，内地的 ，内陆的adv.在内陆，向内地
blank,adj.空白的，空着的；失色的，无表情的 n.空白，表格
blanket,n.毯子，毛毯；（of）厚（的覆盖）层 v.覆盖，笼罩；adj.全面的，包含所有的，适用于所有情形的
light,n.光，光线；灯光，光源 v.点燃；照亮，变亮；adj.轻的；轻松的；（颜色）淡的
lightning,n.闪电 adj.闪电般的，快速的
基础词Unit16,
bake,v.烤，烘，培；烤硬，烘干，培干
bait,v.（在鱼钩上、陷阱中等）放诱饵 n.饵，诱惑物
bachelor,n.单身汉；学士（学位）
backward,adj.向后的，倒行的；落后的；迟钝的 adv.向后，朝反方向
bad,adj.坏的，恶的，错的；低劣的，拙劣的；严重的； 不舒服的，有病的；腐败的；
badly,adv.恶劣地，严重地；非常
badge,n.徽章；标记，标识；象征
badminton,n.羽毛球
baggage,n.行李；（思想）包袱，成见，偏见
bail,n.保释金；保释 v.允许保释（某人）；（尤指迅速地）离开
abdomen,n.腹，腹部；（昆虫、蜘蛛或甲壳类动物地）腹部
aboard,prep.在（船、飞机、火车等）上 adv.上（船、飞机、火车等）
abound,vi.非常多，大量存在的
above,prep.在...上面（但不接触）；超过，高于 adv.在上面（但不接触）；高于
abrupt,adj.突然的，意外的；陡峭的，峻险的；（举止、言谈等）唐突的，鲁莽的
absurd,adj.荒谬的，荒唐的；滑稽可笑的
abundant,adj.丰富的，充分的，充裕的
abuse,vt./n.滥用；虐待，伤害；辱骂，毁谤
cab,n.出租马车，出租汽车，计程车
cabinet,n.柜橱；内阁
cable,n.电报；电缆；缆，索，钢丝绳 v.拍电报
calendar,n.日历，月历
calorie,n.卡路里
damage,vt.损害，毁坏 n.损害，毁坏，伤害；损害赔偿费
damn,"adj.该死的 adv.非常;n.—点点,丝毫；非常 vt.（指上帝）罚某人入地狱受罪；严厉地批评（某事物）；表示厌烦，愤怒等"
damp,"adj.有湿气的，潮湿的 vt.（使）减弱,抑制"
eager,adj.渴望的，热切的
ear,n.耳朵；听力；穗
earnest,adj.认真的，诚挚的
earth,n.世界，地球；泥土，土壤；陆地，大陆
ease,v.减轻；使舒适，使安心 n.容易；舒适，悠闲
east,n.（通常加the）东，东方 adj.东方的，从东方来的 adv.在东方，想东方；从东方
ebb,n.退潮，落潮；衰退，衰落 vi.退潮，落潮；减少，衰落，衰退
fable,n.寓言
fabulous,adj.极为巨大的；极好的；寓言中的，神话的
facilitate,vt.使变得（更）容易，使便利
facility,n.灵巧，熟练；（for）天资，天赋，才能；设备，设施
faculty,n.才能；学院，系；全体教学人员
gang,n.—帮，一群，一伙
gaol,n.监狱 v. 监禁某人
garage,n.车库，飞机库；修理厂
garbage,n.垃圾；无用信息，无聊的话
gas,n.气体，气态；天然气，煤气；瓦斯毒气；汽油
gasp,n.喘气，喘息 vi. 喘息；喘着气说出；（for）渴望
gather,v.（使）聚集，聚拢；搜集；采集；收获；认为；猜想；推断；理解
gauge,"n.测量仪器（或仪表），计量器;宽度,厚度;轨距，轮距；事实，依据 ，标准，尺度v.判定,评价;测量;估计，估算"
gay,adj.快乐的，愉快的；同性恋的
gaze,v. （at）凝视，注视 n.凝视，注视
gear,n.齿轮，传送装置 ，（排）档v. （to）使适应，使适合
gender,n.［语法］性;性别
hail,v.欢呼，喝彩;招呼；下雹；迅而猛地落下 n.雹，冰雹；来的又多又猛的事物
hall,n.礼堂，办公大楼，门厅
halt,n.暂停前进，中止，终止 v.暂停前进
hand,n.手；指针；人手，职工，船员 vt.交给，传递
handbook,n.手册，指南
handful,n. 一把；少数，一小撮
handle,n.柄，把手，拉手 v.处理，对待，操纵；触，摸，抚弄
handy,adj.手边的，附近的；方便的
hang,"v. (hung,hung)悬挂，垂吊 (hanged,hanged)吊死，绞死"
ham,n.火腿，火腿肉；蹩脚演员；业余爱好者 adj.火腿肉的；(演员)蹩脚的 v.演得不自然；作过火表演
hammer,v.锤击，敲打 n.铁锤，榔头
ice,n.冰 v.使结冰
idiom,n.成语，习语；方言
idle,adj.闲散的，闲置的，空闲的；无根据的，无理由的；无用的，徒然的 v.虚度，闲荡，无所事事;使闲散
if,conj.如果，假设；是否
ignite,v.点燃，使燃烧；激起，使激动
illegal,adj.不合法的，非法的
illiterate,adj.文盲的，不识字的，未受教育的；不通顺的，行文拙劣的；外行的，缺乏知识的；   n.文盲
illuminate,v.照明，照亮；解释；启发，启迪
jam,n.阻塞，拥挤；果酱 vt.使阻塞，使卡住不动
jargon,n.行话，行业术语，黑话
jaw,n.颌，下巴，颚；危险的局面，险境，令人不快的情形 v.闲谈，喋喋不休
jealous,adj. (of)妒忌的；猜疑的，警惕的
jet,n.喷气式发动机；喷口 vi.喷出，喷射
jewel,n.宝石，宝石饰品
jewelry jewellery,n.（总称）珠宝
基础词Unit17,
veil,n.面纱，面罩；遮盖物；借口 v.用面纱遮掩；掩饰
vein,n.血管，静脉；叶脉，纹理；裂痕，缺隙；性情，心绪
velocity,n.速度，速率
velvet,n.丝绒，天鹅绒
vertical,adj.垂直的，立式的；竖的；纵向的 n.垂直物，垂直线
verge,n.边，边缘，边沿 vt. (on)接近，濒临
versatile,adj.多才多艺的；有多种用途的，多功能的
versus,prep.以...为对手；与...相比，与...相对
peaceful,adj.和平的；平静的，宁静的
peak,n.山顶，最高点，顶峰
pearl,n.珍珠
pedal,v.踩踏板，骑自行车 n.踏板
pedestrian,n.步行者，行人 adj.徒步的；平凡的，通俗的
harassment,n.烦扰，骚扰；折磨人的东西
harbour harbor,n.港口，海湾；避难所 vt.隐匿，窝藏，包庇
hard,adj.硬的，坚固的；努力的，艰苦的； 冷酷无情的；强烈的，猛烈地 adv.努力地；猛烈地；困难地
harden,v.使变硬；使变得冷酷无情
hardly,adv.几乎不；仅仅，刚刚；辛苦地，苛刻地
hardship,n.艰难，困苦
hardware,n.五金，金属制品；硬件
hero,n.英雄，勇士；男主角，男主人公
heroic,adj.英雄的，英勇的
heroin,n.海洛因
heroine,n.女英雄；女主角，女主人公
impatient,adj.不耐烦的，急躁的
imperative,adj.紧急的，重要的；命令式的，专断的；（语气）祈使的 n.必要的事，必要性
imperial,adj.帝国的，帝王的；英制的
impetus,n.推动力，促进
lane,n.小路，小巷；（比赛用的、有标志的）泳道，跑道
lantern,n.灯，灯笼
lap,n.大腿；跑道的一圈 v.舔食；拍击
lapse,n.小错，记错，疏忽;堕落，失足;（时间的）流逝，过去 v.陷入或进入某种状态；失效
laser,n.激光，激光器
lash,"n.鞭子,鞭打；责骂，讽刺；猛冲；急动；睫毛 v.鞭打;猛击；摆动；捆绑，勒紧"
mankind,n.人类
maneuvre maneuver,n.策略，调动 v.用策略，调动，（敏捷地）操纵
manual,adj.手的，手工做的，体力的 n.手册，指南
manufacture,vt.制造，加工 n.制造，制造业；产品
manuscript,n.手稿，原稿
obstacle,n.障碍，妨碍，干扰
obstruct,v.妨碍；阻隔，阻塞，遮断（通道等）
obstruction,n.阻隔，阻碍；障碍（物）
occasion,n.时刻，时候，场合；重大活动，盛会；时机，机会
occasional,adj.偶尔的，间或发生的
odd,"adj.奇数的,单的；奇怪的，古怪的； 单只的，不成对的；临时的，不固定的；剩余的，多余的"
odds,n.不平等，差异；机会
odour odor,n.（尤指难闻的）气味，臭气（c/u ）
scissors,n.剪刀
scold,v. (for)责骂，训斥
scout,n.侦察员，侦察机 v.搜索，侦察
scramble,v.攀登；蔓延，繁生；（for）争夺，竞争；搅乱某事物 n.攀登，爬行；争夺，抢夺
scrap,n.碎片，零屑；少量，一点儿；废料，废物 v.抛弃，抛掉
scrape,v.刮，擦；积攒，勉强过日子 
scratch,v.抓，搔，刮；潦草地涂画，乱画n.抓，搔，刮，擦；起跑线
scream,v./n.尖叫声，嚎叫
screen,n.屏，幕，帘；掩护，庇护；电影 v.遮蔽；掩护，包庇；放映；筛选，审查
screw,n.螺旋，螺丝 v.拧，拧紧
script,n.手稿，考生的笔试卷；剧本
scrutiny,n.详细审查；细看，监视
sculpture,n.雕刻，雕刻品，雕塑，雕塑品 v.雕刻，雕塑
seal,n.海豹；封铅，封条；印，图章 vt.密封
seam,n.缝，接缝
second,adj.第二的；次等的 n.秒 v.赞成，附和
secondary,adj.中级的，第二的；次要的
secretary,n.秘书，书记；部长，大臣
section,n.部分，部门；地区，地段，章节；截面，剖面
sector,n.部分，部门；扇区，扇形
segment,n.段，片，节，部分
segregate,v.隔离，分离，分开 adj.分离的，隔开的，单独的
seize,v.抓住，捉住；掌握，理解；夺取，占领；没收，查封; （疾病）侵袭；（情绪）支配
tear,v.撕开，撕裂
tease,vt.戏弄，取笑；挑逗，撩拨 n.戏弄他人者，缠绕者
tedious,adj.单调乏味的，冗长的，令人厌倦的
telegraph,n.电报机，打电报 v.打电报传送，报告
telescope,n.望远镜
tell,v. (from)辨别，区别；告诉，讲述；吩咐，命令；泄露，吐露
undo,vt.松开，解幵
undoubtedly,adv.无疑，必定
基础词Unit18,
naked,adj.裸体的，无遮蔽的，无掩饰的
nail,n.钉子；指甲，爪 vt.把...钉上，钉牢；使固定，使不动
naive,adj.天真的，幼稚的；朴素的
namely,adv.即，也就是
nap,n.小睡，打盹
napkin,n.餐巾，餐巾纸，尿布
naughty,n.不听话的，坏的，惹麻烦的，刺激人的
keen,adj.锋利的;敏锐的，敏捷的；(on)热心的，渴望的
keyboard,n.键盘； v.用键盘输入；将（信息）键入计算机
labor/labour,n.工作，劳动；劳工，劳方；分娩，阵痛 v.劳动；苦干
lace,n.花边；带子，鞋带 vt.系牢，系紧
lack,n./vt.缺乏，不足
lad,n.男孩，小伙子
lamb,n.羔羊，小羊；羔羊肉
lame,adj.（人或动物） 瘸的，跛的（借口，解释等）无说服力的；有缺陷的
lamp,n.灯
machine,n.机器，器械 vt.用机器加工，机制
machinery,n.机械，机器；机构，组织，系统，体制
mad,adj.发疯的；狂热的，着迷的；恼人的，生气的
magic,n.魔法，魔术，戏法 adj.有魔力的，魔术的
magistrate,n.行政长官，地方执行官
magnet,n.磁铁，吸铁石；有吸引力的人/物
magnetic,adj.有磁性的；有吸引力的
maiden,n.少女，处女 adj.未婚的，纯洁的；处女的，无经验的
main,adj.主要的，最重要的 n.（自来水、煤气等的）总管道，（电流的）干线
mainland,n.大陆
oar,"n.浆,橹"
oath,n.誓言，宣誓；咒骂，诅咒语
obedience,n.服从，顺从
obedient,adj.服从的，顺从的
obey,v.服从，遵从；听由，听从摆布
obesity,n.肥胖，肥胖症
pack,n.包，包裹；一群，一队；大量 v.捆扎，打包；塞满，挤满
package,n.包装，包裹；一整套东西 v.捆扎，打包，装箱
pact,n.合同，契约；盟约，公约，条约
pad,n.垫，衬垫；便笺簿，拍纸簿 v.（用软物）填塞，填衬；拉长；虚报
paddle,n.短桨；桨状物 vt.涉水；用桨划
pain,n.（肉体上的）痛；痛苦；努力，劳苦
painful,adj.疼痛的，痛苦的
paint,n.油漆；颜料 v.涂，涂漆；描绘，描述
painter,n.漆工；画家
pair,n.一对，一双 ，一副v.成对，配对
pale,adj.苍白的，灰白的；淡的，暗淡的
palm,n.手掌，掌状物，棕桐
pamphlet,n.小册子
panic,n.恐慌，惊慌
pant,v.气喘，气喘吁吁地说话/奔跑；渴望 n.气喘，喘息
paper,n.文件；文章，论文 v.裱糊
paperback,n.平装本，纸面本
parachute,n.降落伞 v.跳伞
parade,n.游行，检阅 v.（使）列队行进，（使）游行
paradigm,n.典范，范例，样式
paradise,n.天堂；乐园；极美的地方
paradox,n.自相矛盾（的情况）；悖论，似非而是的论点
parameter,n.参数；（限定性的）因素；范围；界限
parasite,n.寄生虫；依赖他人过活者
parcel,"n.包裹，邮包 v. （up）打包,捆扎"
pardon,n.原谅，宽恕；请再说一遍 v.原谅，宽恕，赦免
parliament,n.国会，议会
sack,n.麻袋，纸袋，塑料袋；（the~）［口］开除，解雇 v.开除，解雇
sacred,adj.神圣的；宗教（性）的，神圣不可侵犯的，庄严的
sacrifice,n.献祭，供奉；祭品，供品；牺牲，放弃 v.牺牲，献出
saddle,n.鞍，马鞍，鞍状物
sample,n.样品，标本 vt.抽样试验，抽样调查
sanction,n.批准，同意；制裁；认可，支持，赞许 vt.批准，同意，认可
sandwich,n.三明治，夹肉面包 vt.夹入，挤进
sane,adj.心智健全的，神志正常的；明智的，稳健的，理智的
sarcastic,adj.讽刺的，嘲笑的，挖苦的
satellite,n.卫星，人造卫星
ugly,adj.丑陋的，难看的；丑恶的，讨厌的
ultraviolet,adj.紫外（光、线）的
umbrella,n.伞；保护伞
unanimous,adj.全体一致的，一致同意的
uncover,vt.揭开，揭露；揭开…的盖子
vacant,adj.（职位、工作等）空缺的；未被占用的；空虚的，茫然的
vacation,n.休假，假期
vaccine,n.疫苗；菌苗
vacuum,n.真空，真空吸尘器
valve,n.阀；（英）电子管，真空管；心脏瓣膜
wagon,n.运货马车，运货车，敞篷汽车
waist,n.腰，腰部
wake,v.醒来，唤醒；觉醒；（使）认识到；激起，换起
waken,v.醒来，睡醒；使觉醒，激发，引起
X-ray,n.X射线，X射线照片 v.用X光检查、治疗或拍摄
yard,n.院子，场地；码
yawn,v.打哈欠 n.哈欠；乏味的事情
yearly,adj.每年的，一年一度的 adv.每年，一年一度
yell,vi.(at)喊，大叫
yet,adv.尚，还，仍然 conj.然而，而，但是
zeal,n.热心，热枕，热情
zero,n.零，零点，零度 v.将注意力集中于某人（某物）上
zip,n.拉链；尖啸声；精神，活力 vt.拉开或拉上；突进，直冲
agency,n.代理（处），代办（处）
agenda,n.议事日程
agony,n.苦恼，（极大的）痛苦
基础词Unit19,
battle,n.战役，战斗，斗争 vi..战斗，斗争，搏斗
battery,n.电池（组），电瓶；炮兵连，炮组，炮台
bay,n.（海或胡的）湾;分隔间；突出结构；栗色马 v.发出长嗥，低沉的吠叫；厉声强要；adj.深棕色的，枣红色的
adhere,v.粘附，附着；(to)坚持，遵守
adjacent,"adj.(to)邻近的,毗连的"
adolescent,adj.青少年的，青春期的 n.（13-17）青少年
adore,vt.崇拜，爱慕，敬爱
advent,n.（尤指不寻常的人或事）出现，到来
adventure,n.冒险，惊险活动；奇遇
adverse,adj.不友好的，敌对的；不利的，有害的；逆的，相反的
advertise,v.做广告，登广告宣传
ceiling,n.天花板；最高限度
cell,n.细胞；小囚房，蜂房；电池
cement,n.水泥；胶合剂 v.胶合；巩固，加强
censorship,n.审查，检查，审查制度
census,n.人口普查（调查）
cent,n.分；分值的硬币
center centre,n.中心（区），中央 v.集中；将…当作主题
central,adj.中心的，中枢的；主要的
century,n.世纪，（一）百年
centigrade,n.摄氏温度计，百分度 adj.摄氏的
centimeter cetimetre,n.厘米
cereal,n.谷类食品，谷类 adj.谷类的，谷类制成的
debt,n.债，债务
debut,n.（演员、运动员）首次亮相；初次登台
decay,vi.腐朽，腐烂；失去权力，活力，影响等 n.衰退；腐朽，腐烂
deceit,n.欺骗，欺骗行为
deceive,vt.欺骗，蒙蔽
decent,adj.体面的，像样的； 正派的，合乎礼仪的
decimal,adj.十进（位）的；小数的 n.小数
ego,n.自我，自尊，自负
fare,n.车费，船费，飞机票价；伙食 v.吃，进食；生活；进展，遭遇；成功（或不成功、更好等）
farewell,interj.再会，别了 n.辞行，告别
farther,adv.更远地，再往前地 adj.更远的
fast,adj.快的，迅速的；紧的，牢的 adv.快地，迅速地；紧紧地，牢固地
fasten,v.扎牢，使固定，使牢固
fate,n.命运
fatal,adj.致命的，毁灭性的；宿命的，命运 的，命中注定的
fatigue,n.疲劳 v.（使）疲劳
fault,n.过失，过错；缺点，毛病，故障 v.找（人）缺点，挑剔
faulty,adj.有缺点的，有错误的
fax,n.传真（机、件） vt.传真，传输
giggle,n.咯咯笑，傻笑；娱乐；持续的笑 vi.咯咯笑，傻笑
glacier,n.冰川，冰河
glare,"n.怒视，瞪眼；（发）强光 vi.（at）怒视,瞪眼；（发）强光，（发）耀眼的光"
glance,n. 一瞥，扫视 v.看，扫视
glimpse,n./vt. 一瞥，一看
glitter,vi.闪闪发亮（或发光），光彩夺目，闪耀 n.闪光，灿烂的光辉
glow,vi.发热，发光，发红；色彩强烈；绚丽夺目 n.发亮，发辉；喜悦
harvest,n.收获，收成；成果，后果
haste,n.急忙，匆忙；赶快，赶紧
hasty,adj.匆忙的，仓促的；草率的
hatch,"v.策划，图谋；孵，孵出 n.舱口,小门"
hatred,n.憎恨，憎恶，怨恨
haul,v.拖拽，拖运，用力拖
hawk,n.鹰，隼 v.(about/around)兜售，沿街叫卖
hay,n.干草
hazard,n.危险；危险物，危险之源；机会
he,pron.他；它(雄性动物)；人 n.男性；雄性；雄性动物
jog,v.慢跑；(偶然地)轻碰，轻击，轻摇
joint,n.接头，接缝，接合处；关节 adj.共同的，联合的
jolly,adj.欢乐的，高兴的 adv.非常地
kid,n.小孩，儿童 vt.戏弄，嘲弄
kidnap,Vt.绑架，劫持
kidney,n.肾，肾脏
kill,vt.杀死；破坏，毁掉；消磨（时间）
late,adj.迟的，晚的，晚期的；已故的 adv.迟，晚
lately,adv.最近，不久前
later,adv.后来，以后；其后 adj.后来的，以后的
latent,adj.潜在的，隐伏的，不易察觉的
latitude,n.纬度
laughter,n.笑，笑声
launch,v.发射，发动；使（船）下水 n.发射，下水
laundry,n.洗衣房；待洗衣物，所洗衣物
reckless,adj. (of)鲁莽的；不顾危险的
reckon,Vt.计算，数；认为；估计，判断
reclaim,v.使改过，改造；开垦，开拓；收回，回收利用
基础词Unit20,
bath,n.洗澡，淋浴；浴室 v.给...洗澡
bathe,v.浸，洗，弄湿；游泳，洗澡
batch,n.—批，一组，一群
acquaint,vt.使认识，使了解
acquaintance,n.熟悉，了解；熟人，相识的人
across,prep.横越，穿过；在…对面；与…交叉 adv.横过，从一边到另一边；宽
satisfaction,n.满意，满足；乐事，愉快
satisfactory,adj.令人满意的，可喜的，恰当的
satisfy,vt.满意，使满意；使确信
satire,n.讽刺，讽刺作品
saturate,vt.使饱和，浸透，使充满
sauce,n.酱汁，调味品；无礼，莽撞
saucer,n.茶托，碟子
sausage,n.香肠，腊肠
saw,n.锯子，锯床 vt.锯，锯开
scan,v./n.细看，审视；浏览，扫描
scandal,n.民愤，公愤；引起公愤的举动；丑行，丑闻；诽谤
scar,n.疤，疤痕；精神上的创伤
scarce,adj.缺乏的，不足的；稀少的，罕见的
scarcely,adv.几乎不，简直没有，勉强；绝不
scare,v.惊吓，恐惧 n.惊吓，恐惧
scarf,n.围巾，头巾
scatter,v.撒，撒播；（使）散布在各处； 消散，驱散
scenario,n.设想；可能发生的事，可能出现的情况 剧情梗概，[电影、戏剧等的]剧本梗概，剧本
scent,n.气味，香味；香水
scholar,n.学者
scholarship,n.奖学金；学问，学识
school,n.（中、小）学校；上学（阶段）；上课时间；（大学里的）学院，系；（艺术）学派，流派；（鱼、鲸、海豚等的）群；v.训练，锻炼；（对儿童的）教育、培养
tablet,n.药片；碑，匾
taboo,n.（文化或宗教习俗方面的）禁忌，忌讳，戒律；禁止，避讳
tackle,n.用具，装备；滑车；钓具；（尤指美式足球或橄榄球中的）擒抱，阻挡 v.对付，处理，解决；与…交涉
tactic,n.策略，手段，招数；战术，兵法
tag,n.标签，货签
tailor,n.裁缝 vt.缝制；针对特定目的做修改；使适应
tale,n.故事，传说
tame,adj.平淡的，枯燥乏味的；驯化的；温顺的 v.驯化；控制并利用；控制，抑制
tan,n.棕黄色，黄褐色 adj.棕黄色的，棕褐色的 v.晒成棕褐色
tangible,adj.（常用于名词前）有形的，实际的，真实的；可触摸的，可感知的
tangle,v.绞在一起，（使某物）乱作一团 n.混乱状态
tank,n.坦克；罐，槽，箱
tanker,n.油船，邮轮，油罐车；坦克手
tap,n.（水。煤气等管道或容器的）龙头，阀门，塞子；轻扣，轻拍 vt.轻叩，轻敲；窃听
tape,n.带（子）；录音带，磁带 v.录音；系，捆
tariff,n.税率，关税；收费（表），价目表
tax,n.税（款）；负担，重负 vt.对…征税；使负重担；指责，批评
undergraduate,n.大学生，大学毕业生
underground,adj.地下的，地面下的；秘密的；adv.在地下；秘密地 n.地铁；（反抗敌人或反政府的）地下组织，秘密组织
undermine,vt.在…下挖；暗中破坏，逐渐损害（或削弱）
underneath,prep.在...下面 adv.在下面，在底下
van,n.有篷货车，（铁路的）行李车；［军］先头部队（或舰队）；[喻]前驱，先锋，领导者
vanity,n.虚荣心，浮华
vapor vapour,n.潮气，水汽；蒸汽
vegetarian,n.素食者，素食
vegetation,n.植物；草木
vehicle,n.车辆，交通工具；媒介，载体
cash,n.现款，现金 vt.兑现，付（收）现款
cashier,n.收银员，收纳员
catalog catalogue,n.目录（册）
catastrophe,n.突如其来的大灾难或大灾祸
dead,adj.死去的，已故的；麻木的，无感觉的
deadline,n.截止日期，最后期限
deadly,adj.致命的；非常的
deaf,adj.聋的；不愿听的
dean,n.教长，主任牧师；（在某些大学中的）学监，系主任
edible,adj.可以吃的，可食用的
edit,vt.编辑，主编；剪辑
edition,n.版，版本，版次
editor,n.编辑，编者
editorial,adj.编辑的 n.社论，社评
fake,n.贋品，假消息，假动作；骗子，冒充者 adj.假的，伪造的；v.伪造（某物）；假装，佯装
FALSE,adj.谬误的，虚伪的，假的
fame,n.名声，名望
familiar,adj.熟悉的，通晓的；亲近的，过分冒昧的，随便的
family,n.家，家庭成员；氏族，家族；族，科
famine,n.饥荒，饥饿
fantastic,adj.奇异的，异想天开的；极好的
fantasy,n.幻想，想象
reassure,"vt.使...安心,使…恢复信心"
rebel,vi.反抗，反叛，起义 n.反叛者，叛乱分子
rebellion,n.叛乱，反抗，起义
recede,vi.后退，退缩；缩小；收回意见；跌落，低落
receipt,n.收据，发票；收到，接到
reception,n.接待；招待会；接收（效果）
recession,n.经济衰退，经济萎缩；退后，撤回
recipe,n.烹饪法，食谱；诀窍，方法
recipient,adj.容易接受的，感受性强的n.接受者；容量
reciprocal, adj.相互的，交互的；互惠的，对等的；相同的，相等的
recite,v.背诵，朗诵
基础词Unit21,
sail,n.帆，航行 v.航行
sailor,n.水手，海员
saint,n.圣人，圣徒；圣
sake,n.缘故，理由
salad,n.色拉，（一盘）凉拌生菜
salary,n.薪水，薪金
salute,v.敬礼，致敬；祝贺；迎接，欢迎 n.敬礼，祝贺；迎接，欢迎
salvation,n.拯救，救助；救济品；避免损失，躲避灾难等的途径或方法
accent,n.腔调，口音；重音（符号）；着重点，强调 v.着重，强调，突出
accident,n.（不幸的）意外遭遇，事故；偶然因素
accord,n.一致，符合；调和，协定 v.（正式）相符，一致；给与或赠与某人某事物
accordance,n. 一致，符合；授予，给予
according to,prep.据...所说；根据；视...而定
accordingly,adv.因此，从而，于是；相应地，照办
ache,n./vi.疼痛
acid,n.酸 adj.酸的；尖酸刻薄的
bald,adj.禿的，禿头的；简单的，单调的
ballet,n.芭蕾舞，芭蕾舞剧
ballot,n.（无记名）投票，票数 v.投票
band,n.条，带；乐队；波段；一群，一伙 v.（将收入、价格或价值）划分档次，分等级；联合
bandage,n.绷带
bang,n.（突发的）巨响；猛击，猛撞 v.发出砰的一声；（砰砰）猛击，猛撞
bankrupt,adj.破产的； vt.使破产
banner,n.旗（帜）
banquet,n.宴会
barbecue,n.（吃烧烤肉的）野外餐会
bark,v.吠，咆哮 n.吠声，狗叫声；树皮
barn,n.畜棚，谷仓，仓库
barrel,n.桶；枪管，炮管
barren,adj.不生育的；贫瘠的 n.荒地
barrier,n.栅栏，屏障，障碍物
camel,n.骆驼
camp,n.野营，营地；帐篷；阵营 vi.设营，宿营
campus,n.（大学）校园
can,avx.v.能，会；可以，可能 n.罐头； vt.装罐头
cancel,v.取消，废除，删去
cancer,n.癌，癌瘤，癌肿；迅速蔓延的恶劣的或危险的事物
cape,n.披肩，短斗篷；海角，岬
captain,n.首领，队长，船长，上尉 vt.做…的首领，指挥
carbohydrate,n.碳水化合物；碳水化合物食物
carbon,n.碳；复写纸
cardinal,n.红衣主教；深红色 adj.主要的，最重要的；深红色的
cargo,n.货物（量）
carriage,n.（四轮）马车，（火车）客车厢；运输，运费；仪态，举止
carrier,n.送货（件）人；搬运工；运输公司；传染疾病的媒介或人；载物架；军用运转工具
carry,v.运送，搬运；传送，转播
carrot,n.胡萝卜；（为说服人做事所许诺的）报酬，好处
carve,v.雕刻
eccentric,adj.反常的，古怪的；（指圆形）没有共同圆心的 n.古怪的人；偏心器，偏心轮
echo,v./n.回声，反响，共鸣
ecology,n.生态学，生态
edge,n.边，棱；刀口，刃；优势 v.（使）侧身移动，挤，迫使，取代
faint,adj.不清楚的，模糊的，微弱的 vi.昏倒
faith,n.信任，信心；信仰，信条
faithful,adj.忠诚的
gentle,adj.和蔼的，文雅的，有礼貌的
gently,adv.文雅地，有礼貌地；轻轻地
genuine,adj.真的，非人造的，名副其实的；真诚的，真心的
geography,n.地理（学）
geology,n.地质（学）
geometry,n.几何（学）
germ,n.微生物，细菌
gesture,n.手势，示意动作；姿态，表示 v.做手势，用动作示意
ghost,n.鬼魂，幽灵
majesty,n.最高权威，王权；雄伟
male,n.男性，雄性 adj.男性的，雄性的
malignant,adj.（指人或人的行为）恶毒的，恶意的；（指肿瘤、疾病）恶性的，致命的
passage,n.通过，经过；通道，走廊；段落，节
passerby,n.过路人，行人
passport,n.护照；（达到某种目的的）手段
paste,n.糊，酱 v.粘，贴
pastime,n.娱乐，消遣
pat,v.（友善的）轻拍，轻打，抚摸 n.轻拍，轻打 adj.不自然的；油滑的；过于简单的
path,n.小径，小路；途径，路线，轨道
pathetic,adj.可怜的，悲惨的
patience,n.耐心，忍耐
patriotic,adj.爱国的
patrol,v.出巡，巡逻 n.巡逻；巡逻兵，警察；侦察队
patron,n.赞助人，资助人
pause,n./vi.中止，暂停
pave,vt.铺（路），铺砌，铺筑；为…做准备；使顺利
pavement,n.人行道，路面
dance,v.跳舞 n.舞蹈，舞会
dash,n.(for)猛冲，突进；破折号；短跑；(of)少量，少许；v. 猛冲，突进；猛击，猛撞，猛摔
dawn,"n.黎明，拂晓；开端，起始 vi. 破晓；开始，展现；(on,upon)逐渐明白"
daily,adj.每日的；adv.每日，天天；n.日报
daylight,n.日光，白昼，黎明
基础词Unit22,
romance,n.传奇，爱情故事
romantic,adj.浪漫的，传奇式的；不切实际的，好幻想的
bounce,v.弹起，反弹；解雇，开除 ，逐出n.弹，反弹，跳，跃
bound,"v.跳跃，弹回 n.跳,跳跃 adj.被束缚的；一定的，必然的；下了决心的，决意；准备到…去的，开往…的"
boundary,n.分界线，边界
trap,n.陷阱，圈套 vt.诱捕，使中圈套
trash,n.拙劣的材料，作品等；垃圾，废物 v.摘叶，除去废料
travel,n.旅行 v.旅行，行进，传播
tray,n.盘，碟，托盘
wooden,adj.木制的，呆笨的
work,n.工作，劳动，职业；产品，成品，工艺品；著作，作品；工厂，工场  v.工作，运转
worker,n.工作者，人员；雇员，（尤指）劳工，工人；干活…的人
workout,n.锻炼，训练
workshop,n.车间，工场；专题研讨会，讲习班
as,adv.—样，同样；conj.像...一样； prep.当还是...的时候
ascend,v.攀登，登上；登高，上升，升高
ascertain,vt.查明，弄清，确定
cool,adj.凉的，凉爽的；冷静的，沉着的 v.（使）变凉；（使）冷静
cooperate,"vi.(with)合作,协作"
cooperative,adj.合作的，协作的 n.合作社
coordinate,vt.调节，协调；坐标（值）
cope,"vi.(with)对付,应付；(with)竞争,对抗"
copy,"n.副本,复制品；本，册 v.仿效，仿制"
copyright,n.版权 v.获得（书等）的版权
copper,n.铜，铜制品；铜币
cord,n.绳，索
cordial,adj.热情友好的，热诚的，真心的；有兴奋作用的；深深感到的
core,n.果核；中心；核心
com,n.玉米，谷物；庄稼
coronavirus,n.冠状病毒
correct,adj.正确的，恰当的 vt.改正，纠正
correlate,v.互相关联的，和…相关 adj.相关的，关连的；n.相关的人(物）
correspond,"vi.(to,with)相符合，相称；(to)相当，相类似；通信"
correspondence,n.通信，信件；符合，一致
correspondent,n.通信者，通讯员，记者
corrode,v.（渐渐）损害，（一点一点地）损伤；腐蚀，侵蚀
corrupt,adj.堕落的，腐败的，贪赃舞弊的 v.使堕落，腐蚀；向…行贿
dive,vi.潜水，跳水 n.潜水，跳水；俯冲
divine,adj.神的，神圣的；极好的，可爱的 v.猜测；占卜，预测；n.神学家，圣职人员，牧师
divorce,n.离婚，离异；断绝关系，分离 vt.与（某人）离婚；（使）分离，（使）脱离
dizzy,adj.头晕目眩的，眩晕的；使人眩晕的
evoke,vt.引起或唤起（感情、记忆等）；产生或引起（回应、反应等）
exact,adj.确切的，正确的，精确的 v.要求，强求，迫使
exceed,v.超过，胜过；越过
exceedingly,adv.极端地，非常
excel,v.擅长；胜过过去，超过，优于
except,prep.除...之外
exception,n.例外，除外
exceptional,adj.例外的，异常的，不寻常
excerpt,n. 一部小说、电影、乐曲等的节录，摘要
excess,n.超越，超过；过量，过多，过度 adj.过量的，过多的，超额的
gum,n.树胶，胶水；口香糖
gun,n.枪，炮
gut,n.（腹腔的）内脏；勇气与决心、胆量；肠，消化道的下段；饭量大的人 vt.取出内脏；毁坏（建筑物、房间）内部; adj.本能的，非理性的
interim,n.在其间，在其时 adj.暂时的，临时的
intermediate,adj.中间的，居间的；中级的 n.中间体，媒介物
intermittent,adj.间歇的，断断续续的
interrupt,vt.中断，遮断，阻碍；打断（话），打扰
intersection,n.十字路口，交叉点；相交，横断
interval,n.间隔，间歇；（幕间等）休息
interview,vt.采访；面试 n.接见，会见；采访；面试
loyal,adj.忠诚的，忠贞的
loyalty,n.忠诚，忠心
lubricate,vt.（使）润滑
luck,n.运气；好运，侥幸
lucky,adj.幸运的，侥幸的
moist,adj.潮湿的，湿润的
moisture,n.潮湿，湿气，湿度
molecule,n.分子
momentum,n.动力，冲力；势头；动量
monarch,n.君主
monetary,adj.金融的，货币的
monitor,n.班长；监视器，监控器 v.监控，监听，监测，监视
monster,n.怪物，妖怪
monument,n.纪念碑，纪念馆
pride,n.自豪；自满，骄傲 v.使自豪，使自夸
priest,n.教士，教父
prize,n.奖赏，奖金，奖品 vt.珍视，珍惜
probability,n.可能性；概率
probable,adj.很可能的，大概的；有希望的
基础词Unit23,
ash,n.灰（烬）
ashamed,adj.惭愧的，羞耻的，害臊的
ashore,adv.向岸，向陆地；在岸上，在陆地上
aspect,n.样子，外表，面貌；（问题等的）方面
aspire,"vi.(to,after)热望,立志"
lumber,n.木材，木料；废旧家具；无用杂物 v.…笨重地移动；零乱地堆积在…中，以破烂堆满；迫使负担（职责等）
lump,"n.块,小方块；肿块；大量 v.把...归并在一起；把…混为一谈"
lunar,adj.月的，月亮的
lung,n.肺，肺部
luxury,n.奢侈，奢华；奢侈品
lyric,adj.抒情的；吟唱的；为吟唱谱写的 n.歌词
bracket,n.（方）括号
brake,n.制动（器），闸，刹车 v.刹车
brandy,n.白兰地（酒）
brass,n.黄铜，铜器
brave,adj.勇敢的，大胆的 v.冒（风雨。危险等）；勇敢面对，不怕，不顾
cosmic,adj.宇宙的
cost,n.成本，费用，代价 v. （cost，cost）值（多少钱）；花费（多少钱）；（costed，costed）估算成本
costume,n.服装，服装式样；女套装，女装
cosy,adj.舒适的，安逸的；亲切友好的；自满的，自得的 n.保暖罩
couch,n.长沙发，睡椅，长榻；诊察台 v.（用某种文体或方式）表达，措辞
count,v.数，计算；算入；看做，认为 n.计数；计算，总数
counter,n.柜台 adj.相反的，违反的 adv.相反地；v.反对，反击
counterpart,n.（职务、性格、作用等）相对应的人或物
country,n.国家；郊外，乡村
countryside,n.乡下，农村
county,n.（英国的）郡；（美国的）县
excitement,n.刺激，激动
exclaim,v.呼喊，呼叫，大声说
excursion,n.短途旅行，游览；（短期的）涉足，涉猎
excuse,vt.原谅，宽恕，免除 n.借口，辩解
exempt,adj.免除的，被豁免的； vt.(from)使某人/事免除或豁免 n.被免除（义务、责任）的人；免税人
exercise,n.练习，习题；训练，锻炼 v.运动；训练，锻炼；行使
foremost,adj.最著名的，最重要的
forgive,vt.原谅，饶恕
forth,adv.向前，向外；以后
forthcoming,adj.即将到来的
fortnight,n.两星期
hospitality,n.（对客人）友好款待，好客，殷勤；气候宜人
host,n.主人；节目主持人；一大群，许多 v.主办或主持（某活动）；作为主人招待（某人）
hostage,n.人质
hostess,n.女主人，女主持人
hostile,adj.敌人的，敌方的；怀有敌意的，不友好的，反对的，不利的
hound,n.猎犬；卑鄙的人 vt.烦扰，纠缠，狩猎
hover,v.（指鸟等）翱翔，盘旋；（指人）彷徨，踌躇；留在某事物近旁；伏窝孵化 n.翱翔，徘徊
howl,n.长嚎，嚎叫；高声叫喊；（狂风等的）啸鸣 v.尖声嚎叫；大声哭；吼叫着说出（某事）
dock,n.船坞，码头；（法庭的）被告席 v.（使船）进港，停靠码头；（使飞船在外层空间）对接；扣除，减少
doctrine,n.教义，教条，学说
donate,v.捐赠，赠送
dose,n.剂量，一服，一剂 vt.（给…）服药
dot,n.点，圆点 vt.在...上打点
intimate,adj.亲密的，密切的
intimidate,v.恐吓，威胁（某人做某事）
intricate,adj.错综复杂的，复杂精细的；难以理解的，难分析的
intrigue,v.搞阴谋诡计；激起某人的兴趣或好奇心n.密谋策划；阴谋，秘密安排
intrinsic,adj.（指价值或性质）固有的，内在的，本质的
intrude,v.闯入，侵入，打搅，把观点强加于他人
intuition,n.直觉
invade,vt.侵入，侵略，侵害
invasion,n.侵人，侵略，闯入
invalid,n.病人，病弱者，伤残人 adj.有病的，伤残的；供病人用的；无效的，作废的；站不住脚的
invaluable,adj.非常宝贵的，无价的
proficiency,n.熟练，精通
profile,"n.侧面（像）；轮廓；印象,形象；概述，简介 v.概述，写简介"
rip,vt.扯破，撕裂 n.裂口，裂缝
ripe,adj.成熟的，时机成熟的；做好充分准备的
ritual,adj.典礼的，（宗教）仪式的；通常的，习惯的 n.典礼，仪式，礼节
roar,v.吼叫，怒吼，大声喊；轰鸣，咆哮
roast,v.烤，炙，烘
rob,"vt. (of)抢劫,盗取；非法剥夺"
robust,adj.有活力的；强健的；粗野的，粗鲁的；（指酒）浓烈的，醇厚的
rock,n.岩石，石块 vt.使震惊；摇动
rod,n.杆，棒
motion,n.动，运动；提议，动议 vt.做手势，点(或摇)头示意
motivate,vt.作为（某人行为）的动机；激发
motive,n.动机，目的 adj.运动的，发动的，促进的
motor,n.发动机，电动机
mount,v.登上，爬上；安装，镶嵌，裱贴；架置；增加；发动
mourn,v.悼念，哀悼，悲悼
move,v.移动，搬动；迁移，搬家；感动，激励 n.移动，活动，行动
stiff,adj.硬的，僵直的；拘谨的，呆板的；艰难的，费劲的
still,adv.还，仍旧；更，还要；静止地 adj.静止的，寂静的
sting,v.刺，蛰，叮；刺痛；刺激 n.刺，叮；灼痛；刺伤力，刺激性
stitch,n.一针，针脚；一点，少许 v.缝，缝合，缝补
基础词Unit24,
body,n.身体，躯干；尸体；主体，主要部分；物体，天体；团体，机构；（一）群，批，堆
boot,n.靴子；行李箱；（用作附带评价）而且，另外，加之 v.猛踢
booth,n.货摊；小隔间；电话亭，投票间；火车座，卡座
boss,n.工头，老板，上司 v.指挥，支配，发号施令
botany,n.植物学
bottom,n.底（部），基础；海底，海床
art,n.艺术，美术；技术，技艺；文科，人文科学
artery,n.动脉，要道，干线
article,n.文章，论文；物品；项目，条款；冠词
articulate,adj.发音清晰的，善于表达的；有说话能力的 vt.清晰地表达
artificial,adj.人工的，人造的；矫揉造作的，模拟的，假的
artist,n.艺术家，美术家
artistic,adj.艺术（家）的，美术（家）的；有艺术技巧的
artefact/artifact,n.人工制品，手工艺品（尤指有历史或文化价值的）
disrupt,vt.扰乱，破坏，分解 adj.混乱的；瓦解的；中断的
dissipate,v.消散，驱散；浪费，挥霍
distance,n.距离，间隔
distant,adj.远的，久远的
distill distil,v.蒸馏；提取...的精华；滴下，渗出，凝成水滴
distress,n.苦恼；危难；不幸
district,n.地区，行政区
disturb,vt.扰乱，妨碍
disturbance,n.动乱，骚乱
eve,n.（节目的）前夜，前夕；傍晚，黄昏
even,adv.甚至（...也），连（...都） adj.平的，平坦的；双数的，偶数的；均匀的 v. (out/up)使相等；拉平
event,n.事件，事情
eventually,adv.终于，最后
ever,adv.在任何时候；曾经；总是；究竟
for,prep.往，向；对于，供；达，计；替，代表；赞成 conj.由于，因为
forbid,vt.不许，禁止
forehead,n.额，前额
foreign,adj.外国的，外交的；外来的；异质的; (to)无关的，不相干的
foreigner,n.外国人
look,v.看，望，注视 n.看，望；外表，样子，脸色
loom,n.织布机，织机 vi.隐现，迫近
loop,n.圈，环；循环，回路
loose,"adj.松的,宽松的"
loosen,v.放松；解开，松开
lord,n.上帝，主；领主，君主，贵族
lorry,n.卡车，运货汽车
lottery,n.彩票；碰运气的事，难于计算的事
moan, n.呻吟声，呜咽声；不满，牢骚v.呻吟，呜咽；悲叹，哀悼，抱怨
mob,n.暴徒，乌合之众，（盗贼等的）一群 vt.成群暴动，聚众滋扰，团团围住某人
mobile,adj.可动的，活动的，运动的
mobilize mobilise,v.动员；调动，鼓动起
module,n.模数，模块；登月舱，指令舱
mould mold,n.模子，铸型 v.浇铸，造型，塑造
pretext,n.借口，托词
pretty,adj.漂亮的，秀丽的 adv.相当地，颇
prevail,"vi.流行，盛行；(over, against)占优势，占上风"
prevalent,adj.流行的，普遍的
rhetoric,n.华而不实的言语，花言巧语；修辞技巧，修辞（学）
rhythm,n.节奏，韵律
rib,n.肋骨，肋状物；罗纹 v.嘲笑，逗弄
ribbon,n.缎带，丝带，带，带状物
rid,vt.(of)使摆脱，使去掉
riddle,n.谜，谜语
ridge,n.岭，山脉；屋脊；鼻梁
ridiculous,adj.可笑的，荒唐的，荒谬的
rigid,adj.刚性的，坚硬的；严格的，严苛的
rigorous,adj.严格的，严厉的；严酷的，严峻的
rim,n.（圆物的）边，轮缘；边界
riot,vi.骚乱，放纵 ，挥霍n.暴乱，骚动
station,n.火车站；所，站；电台；身份，地位 vt.安置，驻扎
stationary,adj.固定的，静止的，非流动的
stationery,n.文具，信纸，信笺
steak,n.肉，鱼，肉片，鱼片，牛排
steam,v.蒸发，蒸；(用蒸汽)行驶 n.汽，蒸汽
steep,adj.陡峭的，险峻的
stereotype,n.[印]铅版；陈腔滥调，老套 v.使用铅版；套用老套，使一成不变
steward,n.（飞机、火车或轮船上的）乘务员，服务员；（大学等的）伙食管理员；（私人家的）管家
transcend,vt.超越，胜过
transistor,n.晶体管，晶体管收音机
transit,n.运输，搬动；通过；经过；通行；过 境；中转；交通运输系统
transition,n.过渡，转变，变革，变迁
translate,v.（使）解释，把...解释为；（使）转变，变为
transparent,adj.透明的；易识破的，显而易见的
intact,adj.原封不动的，未受损伤的
interface,n.界面，分界面；接口；（两学科等的）相接触并相互影响之处 v.使连接，使协调；交流，交谈
interfere,"vi.(with)妨碍,干扰； (with,in,between)介入，干涉，扰乱"
interference,n.干涉，干预，介入；干扰，调停；无线电信号的干扰
intervene,vi.进入，介入；干涉，调停；干扰，阻挠
contemplate,v.凝视，注视，打量；冥思（某事物）（尤指一种宗教仪式）；沉思，考虑；盘算，预料，估计
contrive,v.设计，想出，谋划，策划（坏事、恶事）；设法做到
convenience,n.便利，方便；便利设备
convenient,adj.便利的，方便的；附近的
conversation,n.会谈，谈话
conversely,adv.相反地
conversion,n.变换，转化
convert,v.(to/into)（使）转变，转化；使改变信仰，改变（观点、习惯等）
convict,vt.<律>（经审讯）证明…有罪，宣判…有罪；使深感有罪，使服罪
conviction,n.深信，确信；宣告有罪，定罪；服罪
convince,vt.(of)使信服，使确信
基础词Unit25,
lively,adj.活泼的，活跃的；栩栩如生的，生动的
liver,n.肝，肝脏
living,adj.活的，活着的；n.生活，生计
loaf,vi.游荡，闲逛 n.一条(块)面包
loan,n.贷款，借出；v.借出
lobby,n.门廊，门厅，（会议）休息厅
locomotive,n.火车头，机车 adj.运动的，移动的，运载的
lodge,n.门房，传达室，（森林猎场等）小屋 v.住宿，投宿，留宿
lofty,adj.(指思想、目标等)高尚的，崇高的；高傲的，骄傲的，傲慢的；高耸的，极高的(不用于指人)
log,n.原木，木材；航海日志
long,adj.长的，远的，久的 adv.长久，长期地；v.渴望.极想
longitude,n.经度
discount,vt.把(价格、费用等)打折扣.削价出售；n.(价格、债款等的)折扣
discourage,vt.使泄气，使失去信心
discreet,adj.小心的，慎重的，有智谋的
discrete,adj.分离的，互不相连的，不相关的
discretion,n.自行决定的自由，自行决定权；谨慎，慎重，审慎
discrepancy,n.矛盾，差异，不符，不一致
disguise,v.假装，伪装；n.假装，伪装
disgust,n.厌恶，反感；v.使反感，使厌恶
dislike,v.不喜欢，厌恶；n.不喜欢，厌恶
dismay,n.惊慌，惊愕；沮丧，灰心；v.使惊愕；使沮丧，使失望
disposal,n.处理，处置
dispose,v.布置，整理；安排，处理
disposition,n.性情，素质，气质；意向，倾向；安排，处理，支配权，布置
estate,n.地产，房地产；遗产
esteem,vt.尊重，尊敬；把....看着，认为；n.尊重，看重
eternal,adj.永恒的，永存的，永久的
evacuate,vt.疏散；撤离
evade,vt.躲开，避开；逃避(责任)；回避答复(问题)
evaporate,v.(使)蒸发，(使)挥发；(使)消失
fond,adj.(of)喜爱的，爱好的
fool,n.笨蛋，傻瓜；v.玩弄，愚弄
foolish,adj.愚笨的，愚蠢的
foot,n.([pl.]feet)脚，足，底部；v.走，踏；付账，总计
footstep,n.脚步(声)，足迹
mist,n.薄雾
mistake,n.错误，过失，误解；vt.弄错，误解；(fon.)把…误以为
mistress,n.女主人，主妇；情妇，情人
misunderstand,v.误解，误会
nuisance,n.讨厌的人或东西；麻烦事
numb,adj.麻木的，失去感觉的；v.使麻木，使失去感觉
numerical,adj.数字的，用数表示的
numerous,adj.许多的，众多的，大批的
nursery,n.托儿所，保育室；苗圃，繁殖场
nurture,vt.养育，教养，教育(儿童)；培育，培养(某物)；滋养；扶植(某物)；支持；n.养育，教育；营养品；照顾；鼓励，支持
nut,n.坚果；螺母，螺帽；难题
nutrition,n.营养
ought,v.(to)应当，应该，本应，本当
outbreak,n.爆发
outdoor,adj.室外的，野外的
outfit,n.装配，供给
outing,n.外出，旅行，散步
outskirts,n.郊区
outstanding,adj.突出的，显著的
retail,n.零售
retain,vt.保留，保持
retention,n.保持，保留；记忆力，记性
retire,v.退休，引退；撤退，退却；就寝；使退休
retort,v.反驳，反击；n.反驳
retreat,vi.撤退，退却；n.撤退，退却
retrieve,v.重新得到，恢复，补偿；更正；拯救；想起(忘记的事情)；n.找回，恢复，挽回
retrospect,n.回顾，追溯；v.追忆
revolt,v.反抗，反叛，违抗；n.反抗，反叛，叛乱
revolution,n.革命；旋转，转数
revolutionary,n.革命者；adj.革命的.革新的
revolve,v.(使)旋转
stalk,n.茎，柄，柱，秆，轴
stain,v.玷污，污染；染色；n，污点，污迹，瑕疵
stake,n.桩，树桩；赌注；利害关系；股份，股本
stale,adj.(食品等)不新鲜的，走味的；(空气等)污浊的；陈腐的，过时的
stall,n.马厩，牛舍；货摊；v.(使)熄火，(使)停止
staple,n.订书钉；主要产品(或商品)；主要成分；adj.主要的，大量生产的；v.用订书钉钉
stamp,n.邮票；印，图章；标志，痕迹；跺脚，踩踏；v.盖印，盖章；跺脚，踩踏
stare,vi.(at)凝视，盯
tragedy,n.悲剧，悲剧作品；悲惨的事，惨案，灾难，不幸
tragic,adj.悲剧的，悲惨的，悲哀的
tram,n.有轨电车
tramp,v.步行，跋涉，踩路；n.步行，长途跋涉；流浪者
bow,v.鞠躬，点头；n.鞠躬，点头；弓(形)；蝴蝶结
bowel,n.肠；(某处的)最深的或最靠里面的部分；(pl.)同情心，怜悯心
bowl,n.碗(状物)，钵
bowling,n.保龄球(运动)
boycott,v.(联合起来)抵制，拒绝参加；n.联合起来抵制
contact,n.接触，联系，交往；vt.接触，联系，交往
contagious,adj.(疾病)接触传染的；患接触传染病的；(感情、态度、行动)富于感染力的，会蔓延的
contain,v.包含，容纳；相当于；折合；控制，抑制(感情等)
contaminate,v.污染，玷污，毒害
contingent,n.（志趣相投、尤指来自同一个地方的）一组与会者，代表团；（军队的）分遣队，小分队 adj.(on/upon sth)依情况而定的
基础词Unit26,
stoop,vi.俯身，弯腰；屈尊，屈从；自贬，堕落；n俯身，弯腰
storm,n风暴，暴风雨，暴风雪；阵发，爆发，进发；v.暴怒，大发雷霆；猛攻，直捣
strange,adj.奇怪的，奇异的；陌生的，生疏的
stranger,n.陌生人，生客；外地人，外乡人
strap,n.带，皮带；vt.用带子系、扎、捆绑......
straw,n.稻草，麦秆；吸管
strawberry,n.草莓
stream,n.小河，溪流；一股，一连串；v.流，淌，流出，涌出
streamline,v.使(某物)成流线型，使(某物)效率更高；作用更大
trial,n.审讯，试验，考验
triangle,n.三角形；三角关系(尤指男女间的)
tribe,n.部落，家族；族，类
tribute,n.贡品；颂词，称赞；礼物
trick,n.诡计，骗局；花招；技巧，窍门；戏弄，恶作剧；vt.哄骗，欺诈
trifle,n.琐事，小事；少量，少许；v.开玩笑，小看；(with)戏弄，玩弄；(away)浪费
trim,adj.整齐的，整洁的；苗条的，修长的；v.整理，修理，装饰；调整，削减；n整齐，整洁；调整.准备；修剪
trip,n.旅行，旅游；失足，失误；v.绊倒，使失误，使犯错误；(v.p)使绊倒；使失误，使失败
triple,adj.三倍的，三重的，三部分的，三方的；v.使增至三倍
worldwide,adj.全世界的，世界范围的；adv.遍及世界各地
worm,n.虫，蠕虫；可怜虫，小人物
worry,v.烦恼，担心；对....感到烦恼，对...发愁；n.烦恼，焦虑，担忧
worse,adj.更坏的，更差的；adv.更坏，更差
wound,n.创伤，伤口；vt.使受伤，伤害
wrap,n.披肩，围巾；v.包，裹；覆盖，遮蔽
wreck,n.失事，遇难；失事船(或飞机)；残骸；破坏，毁坏；vt.(船等)失事，遇难；破坏，毁坏
astronaut,n.宇航员
astronomy,n.天文学
atom,n.原子
breast,n.胸脯，乳房
breath,n.呼吸，气息
breathe,v.呼吸，吸入
breeze,n.微风
bribe,n.贿赂；v......行贿，收买，买通
bridge,n.桥(梁)；桥牌；v.架桥，建桥
bright,adj.发光的，反光的，明亮的；鲜明的，晴朗的；愉快的，高兴的，美好的；adv.光明地，明亮地
brilliant,adj.光辉的，灿烂的；有才华的，卓越的
bring,v.带来，拿来；引起，导致
couple,n.(一)对，(一)双；夫妇，情侣；v.连接，结合
coupon,n.优待券；订货单，参赛表
courage,n.勇气，胆量
course,n.课程，科目；过程，进程；航线，路线；(一)道菜
cow,n.母牛(尤指奶牛)；v.恐吓，使害怕
coward,n.儒夫，胆怯者
downtown,adv.在(或往)城市的商业区，在市中心；adj.城市商业区的，市区的
down,adv.向下；(to)直到；下降；处于低落状态；adj.向下的，下行的；prep.顺...而下
downward,adv.向下，往下；adj.向下的，下降的；下坡的
doze,v.打瞌睡，打盹儿
drag,v.拖延，磨蹭
dragon,n.龙；凶恶的人，悍妇
drain,v.慢慢排去；渐渐耗尽，使逐渐消失；n.排水沟，阴沟；流尽，用光
drastic,adj.激烈的，猛烈的；烈性的；严厉的
draw,v.(dnew，dnawn)拉；抽出，拔出，提取；引出，得出；挨近；画(画)；n.平局
drawback,n.欠缺，缺点
drawer,n.开票人，出票人；绘图员；抽屉
drawing,n.绘图，图样
exhibit,n.展出，陈列；表示，显示；n.展览品，陈列品
exhibition,n.展览会；陈列，展览
exile,n.流放，放逐，充军；长期离国或离家；流亡；v.放逐某人使充军，发配
exit,n.出口，通道；退场，退出；vi.退出，离去
forum,n.论坛，讨论会
forward,adv.向前，前进；adj.向前的，前部的；进步的；v.转交，转递
foster,v.培养，培育；领养，收养，照顾；n.养育者，鼓励者
foul,adj.难闻的，污秽的；不愉快的，可怕的；无礼的，充满脏话的；暴风雨的、恶劣的；(动作)犯规的，不正当的；(指烟囱、管道的)不畅的，阻塞的；n.(比赛中的)犯规行为；v.弄脏，污染
foundation,n.基础，根本；地基；基金，基金会
fountain,n.泉水，喷泉，源泉
fraction,n.碎片，小部分，一点儿；分数
fracture,n.裂缝，裂痕；骨折；v.(使)折断
fragile,adj.易受伤害的，易碎的；不强健的，弱的
fragment,n.碎片；片断
fragrant,adj.香的；令人愉快的
mortal,n.凡人；adj.致命的；终有一死的；凡人的，世间的
mortgage,vt.抵押(借款)；n.抵押(借款)
mosaic,n.马赛克；镶嵌体
moss,n.苔藓，地衣
基础词Unit27,
hug,vt.热烈拥抱，紧抱；n.热烈拥抱，紧抱
huge,adj.巨大的，庞大的
hum,v.发出嗡嗡声，发出嗯嗯声（尤表示犹豫）；哼曲子；忙碌，活跃；发出臭味；n.（尤指昆虫的）嗡嗡声；臭味
auction,n.拍卖；vt.拍卖
audience,n.听众，观众，读者(c)谒见，会见
audio,adj.音频的，听觉的，声音的
audit,n.审计，稽核，查账;v.查账，稽核；审计；旁听（大学课程）
auditorium,n.听众席，观众席；（美）礼堂
augment,v.扩大，增加，提高
aural,adj.听觉的，耳的
authentic,adj.真实的，可信的
broad,adj.宽的，广阔的；广大的，广泛的；宽宏的，豁达的
broadcast,v.广播（节目），播送，转播；n.广播
bruise,n.碰伤，青肿;v.（使）出现伤痕；（感情）受伤害
brush,n.刷子，毛笔，画笔;小冲突，小摩擦;v.（用刷子）刷，（用毛笔或画笔）写，画；轻触，掠过
brutal,adj.残酷的，野蛮的，残暴的
bucket,n.水桶，提桶?
bud,n.芽，花苞(c)v.发芽
buffet,n.自助餐，（车站等处的）快餐部，饮食柜台;v.（尤指风、雨或海浪）猛烈袭击（严峻局势）冲击，打击
bug,n.臭虫；小毛病；vt.窃听器；窃听
crack,n.裂缝，缝隙；破裂声，爆裂声;v.（使）破裂;adj.最好的，第一流的，精湛的
cradle,n.摇篮；发源地
craft,n.工艺，手艺；诡计，手腕，骗术；小船，船［pl.craft］;飞机，飞船；v.（指用手工）精心制作；周密制订；
crash,v.碰撞，坠毁；n.失败，瓦解；撞击声，爆裂声
crazy,adj.疯狂的，古怪的(about)狂热的，热衷的
cream,n.乳脂，（鲜）奶油；乳霜；精华，精髓
creature,n.人，动物，生物
credentials,n.(pl.)（学历、资历等的）资格；证件
crawl,vi.爬行，蠕动；缓慢（的）行进；n.爬行，缓慢（的）行进
creep,vi.爬，爬行；（植物）蔓延
crew,n.全体乘务员，全体船员（通常单、复数相同）；一群共同工作的人
draft,n.草稿，草案，草图；vt.起草，草拟
dread,v.怕，畏惧；厌恶，不愿；n.怕，畏惧
dress,n.服装，衣服(u)；v.穿衣，打扮
drift,n.飘，漂流，游荡；随意，移动，方向；v.漂流，漂泊；随意（或无目的地）移动，随波逐流
drill,v.练习，操练；钻孔；n.练习，操练(c /u)；钻孔，钻头
drip,v.滴落，漏下；n.水滴，滴水声
drop,n.滴，点滴；下降；微量；v.落下；下降；失手落下
drone,n.无人驾驶飞机；（不劳动，依赖他人为生的）寄生虫，游手好闲者；嗡嗡声，持续低音；v.嗡嗡叫，嗡嗡响
drought,n.旱灾，干旱(c /u)
drown,v.溺死，淹没
drum,n.鼓，鼓状物；圆桶
expedition,n.远征（队），探险（队）
expel,vt.驱逐，赶走；(from)把……开除
expend,"vt.(on,in)花费，消费，耗费；用光，耗尽"
expenditure,vt.花费；（时间、金钱等的）支出，消耗
expense,n.花费，消费，消耗(u)
explanation,n.解释，说明
explicit,adj.详述的，明确的；直言的，坦率的
explode,v.使）爆炸，（使）爆发
explosion,v.爆炸，爆发
explosive,adj.爆炸（性）的，爆发（性）的；n.爆炸物，炸药
frame,n.框架，骨架；体制，模式；组织，机构；v.给……加框；制订，拟订；组织，建立
framework,n.构架，框架，结构
franchise,n.（公司授予的）特许经销权；（国家授予的）特别经营权，特许；获特许权的商业（或服务）机构；（公民）选举权；v.授予（出售）特许经销权（或经营权）
frank,adj.坦率的，直率的
fraud,n.欺骗，诈骗；骗子，冒名顶替者
freedom,n.自由，自主
freeze,vt.（使）结冰，（使）凝固
freight,n.货物，货运，运费(c /u)
frequency,n.发生率，出现率，重复率；频繁；频率，周率(u)
frequent,adj.时常发生的，频繁的；v.常到，时常出没于
fresh,adj.新的，新鲜的，清新的
friction,n.摩擦（力），冲突
strife,n.斗争，冲突；竞争
strive,"v.(strove或strived,striven或者strived)努力，奋力，力求；斗争，反抗"
struggle,v.奋斗，努力；争取；斗争，搏斗；争夺；n.斗争；奋斗；搏斗
strip,n.狭长条，带状物；v.剥去，除去；脱去；抢劫，掠夺
stripe,n.条纹(c)
stroke,n.敲，打；突然发作，中风；轻抚；vt.轻抚，抚摸
stroll,n.漫步，闲逛，四处流浪，游荡，巡回演出；vt.闲逛，漫步，在……游荡
strong,adj.强壮的，强有力的；强烈的，浓的
stubborn,adj.顽固的，倔强的，顽强的，坚持的；难对付的
studio,n.播音室，录音棚(c)；制片厂，画室，摄影室(c)
stuff,n.原料，材料；物品，东西；vt.填满，塞满
stumble,v.跌，绊；蹒跚；结巴
sturdy,adj.强健的，结实的
style,n.风格，文体(c)；式样，类型(c)
submarine,n.潜水艇(c)；adj.水底的，海底的
submerge,v.（使）浸没，淹没；潜入水中；湮灭，掩盖（思想、感情或观点等）
subtract,v.减，减去
suburb,n.市郊，郊区(c)
sudden,adj.突然的，意外的
基础词Unit28,
bump,"v.(against,into)碰，撞；颠簸着行进；n.碰撞；隆起物；肿胀，肿块"
burn,"n.烧伤，灼伤；v.(burnt,burnt)燃烧，烧毁，烧伤"
burst,"v.(burst,burst)爆炸，爆裂；突然发生，突然发作；n.爆炸，爆发"
bury,v.埋（葬），安葬；埋藏，遮盖
crime,n.罪，罪行；犯罪活动，违法行为；
criminal,罪犯，犯人；adj.犯罪的，刑事的；不道德的
cripple,n.跛子，伤残人（或动物）；vt.使跛；严重削弱
crisp,adj.脆的，易碎的
criterion,n.（pl.）标准
crop,n.(pl.) 作物，庄稼;（谷类等的）收成；收获量;一批，大量
cross,n.十字架，十字（形）;adj.相反的，反向的;易怒的，发怒的;v.越过，穿过;交叉，相交
crow,n.乌鸦;v.鸡啼，鸡叫
crowd,v.聚集，群集;挤满，拥挤;n.人群，一群
crown,n.王冠，皇冠;vt.加冕
exquisite,adj.优美的，精致的;感觉强烈的，剧烈的;微妙的，细腻的;n.过分讲究穿戴的人
exterior,adj.外部的，外面的，外表的
external,adj.外面的，外部的
extra,adj.额外的，附加的;n.附加物，额外的东西;adv.特别地，非常
extract,vt.取出，提取;设法得到;发掘；提炼出;摘录，选录;n.提取物，浓缩物，精华;(from)摘录，选段，引文
extraordinary,adj.非常的，特别的；卓越的；意想不到的
friendly,adj.友好的，友谊的
friendship,n.友谊，友好(u)
fright,n.惊吓，恐怖(u)
frighten,v.使惊恐
fringe,n.刘海儿;（外衣、小地毯等的)饰边，流苏;外围，边缘;v.给（某物）做穗，以穗装饰;adj.边缘的，外围的，次要的，附加的
frontier,n.国境，边境;尖端，新领域
frost,n.霜，霜冻，严寒
frown,vi.皱眉;表示不悦（或愤怒、不赞同）
fry,v.油煎，油炸
fuel,n.燃料(c /u)
fume,v.冒烟，冒气;熏;愤怒，大怒;n.烟，气，汽
funeral,n.丧葬，葬礼
humid,adj.湿的，湿气重的
humidity,n.湿气，湿度(u)
humiliate,v.羞辱，使丢脸，耻辱
humor humour,n.幽默，诙谐(u)
humorous,adj.幽默的，诙谐的
hunt,v.打猎，猎取;(for)搜索，寻找;n.打猎，猎取(c);搜寻，寻找
hurl,v.用力扔（某物），猛扑;大声叫嚷，叫喊
hurricane,n.飓风，狂风
hygiene,n.卫生；保健学(u)
hypothesis,n.(pl.)（学说的）假说，假设；（逻辑的）前提(c);（凭空的）猜想，猜测(u)
hysterical,adj.情绪异常激动的，歇斯底里的
hypocrisy,n.伪善，虚伪
invent,v.发明，创造;捏造，虚构
invention,n.发明，创造(c /u)
inventory,v.列出清单，编入目录，存盘;n.详细目录，清单，存盘，存货
inverse,adj.相反的，反向的；翻转的，倒转的;n.反数，倒数;相反，颠倒;v.使倒转，使成反面
invert,vt.使反向，使倒转，使颠倒
invitation,n.邀请，招待(u);请柬(c)
inward,adj.向内的，在内的，里面的;adv.向内，在内
oval,adj.卵形的，椭圆的;n.卵形，椭圆形
overflow,v.外溢，外流;泛滥;(with)充满，洋溢
overhaul,n.检修；大修；改造;v.彻底检修；赶上，超过（赛跑对手）
overhead,adj.在头顶上的，架空的;adv.在头顶上
overhear,v.偶然听到，偷听到
overt,adj.（常用于名词前）公开的，明显的，不隐瞒的
overtake,vt.赶上，超过;突然来临，突然遭遇
overthrow,vt.推翻，打倒;破坏，毁灭;背弃，摒弃
overtime,n.超时；加班，加班的时间;adv.超时地
prone,adj.（指人或其姿势）平卧的，（尤指）俯卧的;(to)易于……的;向前弯曲的
pronounce,v.发音;宣布，宣判
propagate,v.传播，宣传；繁殖，增殖
propaganda,n.（观念的）宣传，（信息的）传播;宣传机关；传道
prophet,n.预言者，预言家;提倡者
roof,n.屋顶，顶(c)
rope,n.绳，索(c /u)
rotary,adj.旋转的
rotate,vt.（使）旋转
rot,v.腐烂，腐朽，腐化;逐渐衰败;n.腐烂，腐坏(u)
rotten,adj.腐烂的，腐朽的
rough,adj.粗糙的，粗暴的，粗野的;粗略的，大致的
round,adj.圆的，球形的;prep.围绕;adv.在周围；v.绕行，使成圆形；n.（一）回合，（一）场
roundabout,adj.绕道的，(说话、行事等)绕圈子的，不直接的；n.绕行路线;环行交叉，环形交通枢纽
rouse,vt.惊起；激起，使振奋
suite,n.(一批)随员；(一套)家具，套房;(音乐)组曲；(计算机)(软件的)套件
sum,n.总数，和(c/u)；金额；算术题；v.合计，总计
summary,n.总结，概要；adj.概括的，总结性的，扼要的
summit,n.顶峰；高层会议；adj.最高级的，政府首脑的
summon,vt.召见，召集；传讯，传唤；(up)使出，鼓起(勇气)，振作(精神)
sunrise,n.日出(u)
sunset,n.日落(u)
sunshine,n.日光，日照(u)
基础词Unit29,
tug,v.用力拖（或拉）；猛拉，牵引；拖
tuition,n.学费；（尤指对个人的）教学，讲授，指导(u)
tune,n.曲调，曲子；协调，一致；vt.（为乐器）调音；调整，调节；使和谐，使一致
tunnel,n.隧洞，山洞(c)
turbine,n.汽轮机，涡轮机
turkey,n.火鸡（肉）(c /u)；失败，失败的人或事物(c)
turmoil,n.动乱；骚动；混乱；焦虑
tutor,n.家庭教师，指导教师；指导，辅导
automatic,adj.自动的；无意识的；机械的；n.自动机械
automation,n.自动（化）
autonomy,n.自治
avenue,n.林荫大道，大街；手段，途径
avert,vt.挡开，防止，避免；转移（目光、注意力等）
await,vt.等候，期待
awe,n.敬畏；惊惧；vt.使某人敬畏或惊惧
awful,adj.极度的，极坏的，糟糕的；可怕的；威严的
axe ax,n.斧子(c)；裁减；（被）解雇；倒闭；v.被停业；大量削减（经费等） ;精简（机构等）；砍掉，取消；解雇，开除
axis,n.(pl.)轴，轴线，中心线；中枢；轴心（国与国之间的联盟）
bulk,n.体积，容积(u)；主体，大部分
bully,n.欺凌弱小者；打手，暴徒；v.恐吓，欺负；（企图）胁迫某人做某事
but,conj.可是，但是；prep.除……外；adv.只，仅仅，不过
button,n.纽扣；按钮（开关）；v.扣紧，扣上纽扣
buzz,n.嗡嗡声；蜂鸣声；唧唧喳喳的谈话声 ;嘈杂的谈话声；（愉快、兴奋的）强烈情感；v.发生嗡嗡声；发出蜂鸣声
by,prep.在……旁，靠近；被，由；经，通过；不迟于，到……为止；根据，按照；（表示方法，手段）靠，用；adv.在近旁，经过
bypass,n.旁路，迂回的旁道；v.（通常为更快地实现某事）越过，绕开，避开
crude,adj.粗鲁的，粗野的；简陋的，粗糙的；天然的，未加工的
cruel,残忍的，残酷的
cruise,adj.海上航游，乘船游览；（航船）巡游；中等速度行进
crush,n.拥挤的人群；挤压；v.压碎，压坏；压榨
crust,n.外皮，壳；地壳
crystal,"n.水晶(u),结晶体；adj.水晶的；清澈的，透明的"
dull,adj.迟钝的，愚笨的；单调的；不锋利的，钝的
dumb,adj.哑的，无言的
dump,vt.倾倒，倾卸；处理掉，摆脱；（向国外）倾销，抛售；n.垃圾场，垃圾堆
duplicate,adj.完全一样的，复制的；成对的，两重的；n.副本，复制品；v.复制，重复；使加倍
dusk,n.傍晚，黄昏
dwarf,n.矮子，侏儒，矮生植物；（神话中的）有魔法的小矮人；（使）变矮小；阻碍生长
dwell,"v.(dwelt,dwelt)（尤指作为常住居民）居住；生活（于），存在（于）"
dye,n.染料；v.染，染色
dynasty,n.朝代
fur,n.毛，毛皮(c /u)
furnish,vt.供应，提供；装设备于（房屋等），为（房间等）配备家具
further,adv.更远，更往前；更进一步地；adj.更多的，另外的，进一步的；更远的，较远的；vt.促进，增进
furthermore,adv.而且，此外
fuse,n.保险丝，导火线，引信；v.熔化，熔合
fuss,n.大惊小怪，忙乱，小题大作；v.过份关心（枝节小事）；忧虑，烦恼
futile,adj.无效的，无用的，轻浮的，没出息的
iron,n.铁(c)；vt.熨衣，熨平
irony,n.反语，反话；有讽刺意味的事，嘲弄
irrespective,adj.(of)不考虑的，不顾的
irrigate,v.灌溉；冲洗（伤口等）；滋润，使清新
irritate,vt.激怒，使恼怒，使烦躁；使过敏，使难受
isle,n.小岛，岛屿；v.使成为岛屿，使隔离，住在岛屿上
isolate,vt.隔离，孤立
ivory,n.象牙（或某些动物的长牙）；象牙制品；象牙色，乳白色
musical,adj.音乐的；音调优美的，悦耳的，喜欢音乐的
musician,n.音乐家，乐师(c)
mute,adj.沉默的，无声的；n.哑巴；弱音器；vt.减弱……的声音
mutter,v.咕哝，抱怨
owe,vt.欠（债等），应向……付出；感激；(to)应归功于
owing,adj.欠着的，未付的
owner,n.物主，所有者
ownership,n.所有（权），所有制
ozone,n.［化］臭氧；新鲜的空气；［比喻］爽心怡神的力量
prosecute,vt.告发，起诉；继续从事（某事物）
prosper,v.兴旺，繁荣，昌盛；成功
prosperity,n.繁荣，兴旺(u)
prosperous,adj.繁荣的，兴旺的
protect,vt.保护，保卫
protein,n.蛋白质(u)
protest,v.抗议，反对；n.抗议，反对
prototype,n.原型；雏型
proud,adj.自豪的，得意的
province,n.省；领域，范围，职责
provision,n.供应，提供，给养(c/u)；准备，预备(c/u)；条款，规定(c)；(pl.)粮食，食物，口粮；v.为……提供所需物品（尤指食物）
provoke,vt.挑动，激起，导致
royal,adj.王室的，皇家的；一流的，高贵的
royalty,n.皇家，皇族(u)
rub,v.擦，摩擦
rubber,n.橡胶，橡皮(c /u)；橡胶制品，胶鞋；adj.橡胶的
rude,adj.粗鲁的，无礼的；猛烈的，残暴的；粗糙的，简陋的
ruin,vt.毁灭，毁坏；使破产，使堕落；毁灭，崩溃(c /u)；(pl.)废墟，遗迹
supermarket,n.超级市场
supersonic,adj.超音速的，超音的
superstition,n.迷信
surrender,v.投降，交出，放弃
surround,v.包围，环绕
surroundings,n.周围的事物，环境
基础词Unit30,
cycle,v.骑自行车；n.周期，循环(c)
cylinder,n.圆筒，圆柱体；汽缸
cube,n.立方体，立方
cue,n.提示，暗号，信号；榜样
cunning,adj.狡猾的，狡诈的
curb,n.抑制，控制；马勒，马嚼子；vt.防止（某事物）失控，约束；勒住（马）
cure,vt.治愈，医治；消除，改正，矫正；n.治愈，痊愈；治疗，疗法
curl,v.（使）卷曲，蜷缩；n.鬈发，卷曲状，卷曲物
curriculum,n.(pl.)课程，（学校等的）全部课程
curse,v.诅咒，咒骂；n.诅咒，咒骂(u)
curve,n.曲线，弯曲（物）；v.弄弯，成曲形
custom,n.习惯，风俗，惯例；惠顾，光顾；(pl.)海关，关税
cyberspace,n.计算机空间，网络空间，虚拟现实
surface,n.表面，外表(c)
surge,vi.（感情）起伏，高涨；汹涌，澎湃；涌过来，向前涌
surgeon,n.外科医生(c)
surgery,n.外科；手术(c /u)；门诊时间
swallow,v.吞，咽；忍受，抑制；n.（因恐惧等）咽下口水；吞，咽
swamp,n.沼泽，沼地(c /u)
sway,v.摇摆，歪，倾斜；动摇，影响或改变看法
sweat,n.汗(u)；v.（使）出汗
sweep,"v.(swept,swept)打扫，拂去；扫过，掠过"
swift,adj.快速的，敏捷的
swim,"v.(swam,swum)游泳；眩晕；浸，泡；游泳"
symbol,n.符号，标志(c)；象征
symmetry,n.对称（性）；匀称，整齐；相等，相当；相似，相仿(u)
sympathetic,adj.出于同情的，同情的，赞同的，支持的；讨人喜欢的
sympathiz(s)e,v.共鸣，同感；(with)同情，怜悯
sympathy,n.同情（心），慰问；意气相投，同感；赞同，支持
symphony,n.交响乐（曲）(c)
symposium,n.讨论会，专题报告会，专题论文集(c)
symptom,n.症状，征候，征兆(c)
syndrome,n.综合症(c)
synthesis,n.综合，合成(c /u)
synthetic,adj.合成的，人造的；假的，非天然的；虚伪的
much,adj.许多的，大量的；adv.非常，……得多，更加；n.许多，大量
mud,n.泥，泥浆(c /u)
mug,n.杯子；脸，嘴；v.行凶抢劫，打劫；给……拍照
murder,vt.谋杀，凶杀；n.谋杀，凶杀(c /u)
murmur,v.小声说（话）；低声抱怨
multiple,adj.多种多样的；n.倍数
multiply,v.乘，使相乘；增加，倍增；繁殖
multitude,n.众多，大量(c)；大众，民众，群众
municipal,adj.市的，市政的
muscle,n.肌肉；体力，力气
muscular,adj.肌肉的，肌肉发达的；强健的
puff,n.一口（气），一阵（风）(c)；vi喘气，喷气
pull,v.拉，拖；n.拉力，牵引力
pulse,n.脉膊，脉冲
pump,n.泵；v.用泵抽吸，用泵抽送；灌输，大量提供
punch,n.冲压机，冲床；穿孔机；vt.冲压，穿孔
punctual,adj.严守时刻的，准时的，正点的
punish,vt.惩罚，处罚
puppet,n.木偶，傀儡(c)
pure,adj.纯的，纯洁的；纯理论的，抽象的；完全的，十足的
purify,vt.使纯净，提纯
purpose,n.目的，意图(c)；用途，效果
purse,n.（女士用的）钱包(c)
rumor rumour,n.传闻，谣言(c /u)
run,v.（使）跑，（使）奔；行驶，驾驶；运转，开动；蔓延，伸展；经营，管理；运载，运送；n.运行，运转(c)
rural,adj.乡村的，农村的
rush,v.冲，奔；急速行进，赶紧；突袭（某人或某物）；n.冲，奔；匆忙，紧张；adj.紧急的；繁忙的
rust,n.锈，铁锈；（能力的）荒废，荒疏；v.生锈；（脑子等）衰退，变迟钝
ruthless,adj.无情的，残忍的，冷酷的
attendant,n.服务员，值班员，护理人员
attorney,n.（美）律师
attract,v.吸引，招引，引起（注意等）
attractive,adj.吸引人的，有吸引力的；动人的
bunch,n.（一）簇，（一）束，（一）串，（一）捆
bundle,n.捆，包，束；胡乱;v.塞进里面
burden,n.重负，重担(c)
bureau,n.署，局，司，处(c)
bureaucracy,n.官僚，官僚作风，官僚机构
burglar,n.夜盗，窃贼
troop,n.(pl.)部队，军队(c)；（一）群，（一）队
tropic,n.回归线
tropical,adj.热带的
troublesome,adj.令人烦恼的，讨厌的
TRUE,adj.真实的，真正的；忠实的，忠诚的；正确的
trust,v.信任，信赖；盼望，希望，委托；n.信任，信赖；委托，信托
trunk,n.大衣箱，皮箱；树干，躯干(c)；（汽车后部的）行李箱(c)
tube,n.管，软管，电子管，显像管(c)；地铁
tuck,v.卷起；夹入，藏入；塞进
twin,adj.双的，成对的，孪生的；同时出现的，密切相关的；n.孪生子，双生子
twinkle,vi.闪烁，闪耀，闪亮；n.闪烁，闪耀，闪亮
wrench,n.扳手；猛扭，猛拉；扭伤；（离别等的）痛苦，等待；v.猛扭，猛拧；使扭伤，使痛苦
wrinkle,n.皱，皱纹；v.皱起，起皱
wrist,n.腕，腕部，腕关节(c)
